-- Adminer 4.8.1 MySQL 5.7.36 dump

SET NAMES utf8;
SET time_zone = '+00:00';
SET foreign_key_checks = 0;
SET sql_mode = 'NO_AUTO_VALUE_ON_ZERO';

DROP TABLE IF EXISTS `categories_devis_provider`;
CREATE TABLE `categories_devis_provider` (
  `id` int(11) NOT NULL AUTO_INCREMENT,
  `visible` tinyint(4) NOT NULL DEFAULT '1',
  `status` int(11) DEFAULT '0',
  `position` int(11) NOT NULL DEFAULT '50',
  `alias` varchar(255) NOT NULL,
  `parent` int(11) NOT NULL DEFAULT '0',
  `title` varchar(255) NOT NULL,
  `description` text,
  `pages_id` int(11) DEFAULT '1',
  PRIMARY KEY (`id`),
  KEY `categories_pages_id_idx` (`pages_id`),
  CONSTRAINT `categories_devis_provider_pages_id` FOREIGN KEY (`pages_id`) REFERENCES `pages` (`id`) ON DELETE SET NULL ON UPDATE SET NULL
) ENGINE=InnoDB DEFAULT CHARSET=utf8;

INSERT INTO `categories_devis_provider` (`id`, `visible`, `status`, `position`, `alias`, `parent`, `title`, `description`, `pages_id`) VALUES
(1,	1,	0,	1,	'Devis Divers',	0,	'Devis Divers',	'Vous ne trouvez pas la catégorie des travaux que vous désirez réaliser?',	37),
(2,	1,	0,	2,	'Fenêtres',	0,	'Fenêtres',	'',	17),
(3,	1,	0,	3,	'Rénovation interieure',	0,	'Rénovation interieure',	'',	10),
(4,	1,	0,	4,	'Facade Ravalement Enduit',	0,	'Facade Ravalement Enduit',	'',	11),
(5,	1,	0,	5,	'Plafond Cloison Platre',	0,	'Plafond Cloison Platre',	'',	12),
(6,	1,	0,	6,	'Maconnerie Démolition',	0,	'Maconnerie Démolition',	'',	13),
(7,	1,	0,	7,	'Amenagement Intérieur',	0,	'Amenagement Intérieur',	'',	14),
(8,	1,	0,	8,	'Isolation thermique et Acoustique',	0,	'Isolation thermique et Acoustique',	'',	15),
(9,	1,	0,	9,	'Peinture Tapisserie',	0,	'Peinture Tapisserie',	'',	16),
(10,	1,	0,	10,	'Construction Extension',	0,	'Construction Extension',	'',	18),
(11,	1,	0,	11,	'Chauffage Chaudière',	0,	'Chauffage Chaudière',	'',	19),
(12,	1,	0,	50,	'Menuiseries',	0,	'Menuiseries',	'',	20),
(13,	1,	0,	51,	'Toiture Charpente Couverture',	0,	'Toiture Charpente Couverture',	'',	21),
(14,	1,	0,	14,	'Electricité courant faible',	0,	'Electricité courant faible',	'',	23),
(15,	1,	0,	15,	'Architecture - Expertise',	0,	'Architecture - Expertise',	'',	24),
(16,	1,	0,	16,	'Salle de bains - wc - spa',	0,	'Salle de bains - wc - spa',	'',	25),
(17,	1,	0,	17,	'Cuisine',	0,	'Cuisine',	'',	26),
(18,	1,	0,	18,	'Plomberie',	0,	'Plomberie',	'',	27),
(19,	1,	0,	19,	'Sols intérieurs',	0,	'Sols intérieurs',	'',	28),
(20,	1,	0,	20,	'Sols extérieurs',	0,	'Sols extérieurs',	'',	29),
(21,	1,	0,	21,	'Piscine - Abri piscine',	0,	'Piscine - Abri piscine',	'',	30),
(22,	1,	0,	22,	'Assainissement - Terrassement',	0,	'Assainissement - Terrassement',	'',	31),
(23,	1,	0,	23,	'Véranda Pergola Verrière',	0,	'Véranda Pergola Verrière',	'',	32),
(24,	1,	0,	24,	'Diagnostics - Traitements',	0,	'Diagnostics - Traitements',	'',	33),
(25,	1,	0,	25,	'Jardin Cloture Portail',	0,	'Jardin Cloture Portail',	'',	34),
(26,	1,	0,	26,	'Escalier - Garde-corps',	0,	'Escalier - Garde-corps',	'',	35),
(27,	1,	0,	27,	'Cheminée et accessoires',	0,	'Cheminée et accessoires',	'',	36),
(40,	1,	0,	50,	'Bunker à Lego',	0,	'Bunker à Lego',	NULL,	1)
ON DUPLICATE KEY UPDATE `id` = VALUES(`id`), `visible` = VALUES(`visible`), `status` = VALUES(`status`), `position` = VALUES(`position`), `alias` = VALUES(`alias`), `parent` = VALUES(`parent`), `title` = VALUES(`title`), `description` = VALUES(`description`), `pages_id` = VALUES(`pages_id`);

SET NAMES utf8mb4;

DROP TABLE IF EXISTS `conditions`;
CREATE TABLE `conditions` (
  `id` int(11) NOT NULL AUTO_INCREMENT,
  `text_category` varchar(45) NOT NULL,
  `text` varchar(255) NOT NULL,
  `position` int(11) NOT NULL,
  `visible` int(11) NOT NULL,
  `pages_id` int(11) DEFAULT NULL,
  PRIMARY KEY (`id`),
  KEY `conditions_pages_id_idx` (`pages_id`),
  CONSTRAINT `conditions_pages_id` FOREIGN KEY (`pages_id`) REFERENCES `pages` (`id`) ON DELETE SET NULL ON UPDATE SET NULL
) ENGINE=InnoDB DEFAULT CHARSET=utf8mb4;

INSERT INTO `conditions` (`id`, `text_category`, `text`, `position`, `visible`, `pages_id`) VALUES
(1,	'titre',	'CONDITIONS D\'UTILISATIONS',	1,	1,	NULL),
(2,	'sous-titre',	'LES CONDITIONS D’UTILISATION QUI RÉGISSENT DEVIS67',	2,	1,	NULL),
(3,	'chapitre',	'Définitions',	3,	1,	NULL),
(4,	'chapitre',	'Description du service',	4,	1,	NULL),
(5,	'chapitre',	'Coût du service',	5,	1,	NULL),
(6,	'chapitre',	'Engagement des utilisateurs',	6,	1,	NULL),
(7,	'chapitre',	'Engagement des prestataires',	7,	1,	NULL),
(8,	'chapitre',	'Engagement et responsabilités de devis67',	8,	1,	NULL),
(9,	'chapitre',	'Données personelles',	9,	1,	NULL)
ON DUPLICATE KEY UPDATE `id` = VALUES(`id`), `text_category` = VALUES(`text_category`), `text` = VALUES(`text`), `position` = VALUES(`position`), `visible` = VALUES(`visible`), `pages_id` = VALUES(`pages_id`);

DROP TABLE IF EXISTS `contact`;
CREATE TABLE `contact` (
  `id` int(11) NOT NULL AUTO_INCREMENT,
  `text_category` varchar(45) NOT NULL,
  `text` varchar(255) NOT NULL,
  `position` int(11) NOT NULL,
  `visible` int(11) NOT NULL,
  `pages_id` int(11) DEFAULT NULL,
  PRIMARY KEY (`id`),
  KEY `contact_pages_id_idx` (`pages_id`),
  CONSTRAINT `contact_pages_id` FOREIGN KEY (`pages_id`) REFERENCES `pages` (`id`) ON DELETE SET NULL ON UPDATE SET NULL
) ENGINE=InnoDB DEFAULT CHARSET=utf8mb4;

INSERT INTO `contact` (`id`, `text_category`, `text`, `position`, `visible`, `pages_id`) VALUES
(3,	'',	'',	0,	0,	NULL)
ON DUPLICATE KEY UPDATE `id` = VALUES(`id`), `text_category` = VALUES(`text_category`), `text` = VALUES(`text`), `position` = VALUES(`position`), `visible` = VALUES(`visible`), `pages_id` = VALUES(`pages_id`);

DROP TABLE IF EXISTS `devis`;
CREATE TABLE `devis` (
  `id` int(11) NOT NULL AUTO_INCREMENT,
  `user_id` int(11) NOT NULL,
  `category_id` int(11) NOT NULL,
  `status` int(11) NOT NULL DEFAULT '0',
  `created_at` datetime NOT NULL DEFAULT CURRENT_TIMESTAMP,
  PRIMARY KEY (`id`),
  KEY `fk_devis_user1_idx` (`user_id`),
  KEY `fk_asked_devis_category_idx` (`category_id`),
  CONSTRAINT `fk_asked_devis_category` FOREIGN KEY (`category_id`) REFERENCES `categories_devis_provider` (`id`),
  CONSTRAINT `fk_asked_devis_user` FOREIGN KEY (`user_id`) REFERENCES `user` (`id`)
) ENGINE=InnoDB DEFAULT CHARSET=utf8mb4;

INSERT INTO `devis` (`id`, `user_id`, `category_id`, `status`, `created_at`) VALUES
(4,	80,	2,	0,	'2022-01-27 15:17:31'),
(5,	80,	2,	0,	'2022-01-27 15:17:31'),
(6,	80,	2,	0,	'2022-01-27 15:17:31'),
(7,	80,	2,	0,	'2022-01-27 15:17:31'),
(8,	80,	2,	0,	'2022-01-27 15:17:31'),
(9,	80,	2,	0,	'2022-01-27 15:17:31'),
(10,	80,	2,	0,	'2022-01-27 15:17:31'),
(11,	80,	2,	0,	'2022-01-27 15:17:31'),
(12,	80,	2,	0,	'2022-01-27 15:17:31'),
(13,	80,	2,	0,	'2022-01-27 15:17:31'),
(14,	80,	2,	0,	'2022-01-27 15:17:31'),
(15,	80,	2,	0,	'2022-01-27 15:17:31'),
(16,	80,	2,	0,	'2022-01-27 15:17:31'),
(17,	80,	2,	0,	'2022-01-27 15:17:31'),
(18,	80,	2,	0,	'2022-01-27 15:17:31'),
(19,	80,	2,	0,	'2022-01-27 15:17:31'),
(20,	80,	2,	0,	'2022-01-27 15:17:31'),
(21,	80,	2,	0,	'2022-01-27 15:17:31'),
(22,	80,	2,	0,	'2022-01-27 15:17:31'),
(23,	80,	2,	0,	'2022-01-27 15:17:31'),
(24,	80,	2,	0,	'2022-01-27 15:17:31'),
(25,	80,	2,	0,	'2022-01-27 15:17:31'),
(26,	80,	2,	0,	'2022-01-27 15:17:31'),
(27,	80,	2,	0,	'2022-01-27 15:17:31'),
(28,	80,	2,	0,	'2022-01-27 15:17:31'),
(29,	80,	2,	0,	'2022-01-27 15:17:31'),
(30,	80,	2,	0,	'2022-01-27 15:17:31'),
(31,	80,	2,	0,	'2022-01-27 15:17:31'),
(32,	80,	2,	0,	'2022-01-27 15:17:31'),
(33,	80,	2,	0,	'2022-01-27 15:17:31'),
(34,	80,	2,	0,	'2022-01-27 15:17:31'),
(35,	80,	2,	0,	'2022-01-27 15:17:31'),
(36,	80,	2,	0,	'2022-01-27 15:17:31'),
(37,	80,	2,	0,	'2022-01-27 15:17:31'),
(38,	80,	2,	0,	'2022-01-27 15:17:31'),
(39,	80,	2,	0,	'2022-01-27 15:17:31'),
(40,	80,	2,	0,	'2022-01-27 15:17:31'),
(41,	80,	2,	0,	'2022-01-27 15:17:31'),
(42,	80,	2,	0,	'2022-01-27 15:17:31'),
(43,	80,	2,	0,	'2022-01-27 15:17:31'),
(44,	80,	2,	0,	'2022-01-27 15:17:31'),
(45,	80,	2,	0,	'2022-01-27 15:17:31'),
(46,	80,	2,	0,	'2022-01-27 15:17:31'),
(47,	80,	2,	0,	'2022-01-27 15:17:31'),
(48,	80,	2,	0,	'2022-01-27 15:17:31'),
(49,	80,	2,	0,	'2022-01-27 15:17:31'),
(50,	80,	2,	0,	'2022-01-27 15:17:31'),
(51,	80,	2,	0,	'2022-01-27 15:17:31'),
(52,	80,	2,	0,	'2022-01-27 15:17:31'),
(53,	80,	2,	0,	'2022-01-27 15:17:31'),
(54,	80,	2,	0,	'2022-01-27 15:17:56'),
(55,	80,	2,	0,	'2022-01-27 15:18:43'),
(56,	80,	2,	0,	'2022-01-27 15:19:02'),
(57,	80,	2,	0,	'2022-01-27 20:04:21'),
(58,	80,	2,	0,	'2022-01-27 20:05:38'),
(59,	80,	2,	0,	'2022-01-27 20:07:32'),
(60,	80,	2,	0,	'2022-01-27 21:09:38'),
(61,	80,	2,	0,	'2022-01-28 01:25:52'),
(62,	80,	2,	0,	'2022-01-28 10:52:53'),
(63,	80,	2,	0,	'2022-01-28 11:11:11'),
(64,	80,	2,	0,	'2022-01-28 11:11:13'),
(65,	80,	2,	0,	'2022-01-28 11:13:04'),
(66,	80,	2,	0,	'2022-01-28 12:59:55'),
(67,	80,	2,	0,	'2022-01-28 13:01:29'),
(68,	80,	2,	0,	'2022-01-28 13:01:34'),
(69,	80,	2,	0,	'2022-01-28 13:42:24'),
(70,	80,	2,	0,	'2022-01-30 13:56:37'),
(71,	80,	2,	0,	'2022-01-30 14:12:57'),
(72,	87,	2,	0,	'2022-01-30 15:17:45'),
(73,	83,	2,	0,	'2022-01-31 09:32:20'),
(74,	79,	2,	0,	'2022-01-31 09:48:35'),
(75,	79,	2,	0,	'2022-01-31 10:53:56'),
(76,	90,	9,	0,	'2022-02-01 14:12:27'),
(77,	90,	3,	0,	'2022-02-01 15:42:49'),
(78,	90,	4,	0,	'2022-02-02 09:53:49'),
(79,	83,	11,	0,	'2022-02-04 14:26:14'),
(80,	83,	11,	0,	'2022-02-04 14:36:35'),
(81,	79,	4,	0,	'2022-02-09 14:33:18'),
(82,	79,	2,	0,	'2022-02-10 16:54:29'),
(83,	79,	2,	0,	'2022-02-10 16:56:39'),
(84,	95,	2,	0,	'2022-02-10 18:26:20')
ON DUPLICATE KEY UPDATE `id` = VALUES(`id`), `user_id` = VALUES(`user_id`), `category_id` = VALUES(`category_id`), `status` = VALUES(`status`), `created_at` = VALUES(`created_at`);

DROP TABLE IF EXISTS `faq`;
CREATE TABLE `faq` (
  `id` int(11) NOT NULL AUTO_INCREMENT,
  `position` int(11) NOT NULL,
  `visible` int(11) NOT NULL,
  `question` varchar(255) NOT NULL,
  `answer` varchar(255) NOT NULL,
  `pages_id` int(11) DEFAULT NULL,
  PRIMARY KEY (`id`),
  KEY `faq_pages_id_idx` (`pages_id`),
  CONSTRAINT `faq_pages_id` FOREIGN KEY (`pages_id`) REFERENCES `pages` (`id`) ON DELETE SET NULL ON UPDATE SET NULL
) ENGINE=InnoDB DEFAULT CHARSET=utf8mb4;


DROP TABLE IF EXISTS `footer`;
CREATE TABLE `footer` (
  `id` int(11) NOT NULL AUTO_INCREMENT,
  `category` varchar(10) NOT NULL,
  `visible` int(11) NOT NULL,
  `text` varchar(45) NOT NULL,
  `pages_id` int(11) DEFAULT NULL,
  `position` int(11) NOT NULL,
  `section` varchar(45) DEFAULT NULL,
  PRIMARY KEY (`id`),
  KEY `fk_pages_id_idx` (`pages_id`),
  CONSTRAINT `footer_pages_id` FOREIGN KEY (`pages_id`) REFERENCES `pages` (`id`) ON DELETE SET NULL ON UPDATE SET NULL
) ENGINE=InnoDB DEFAULT CHARSET=utf8mb4;

INSERT INTO `footer` (`id`, `category`, `visible`, `text`, `pages_id`, `position`, `section`) VALUES
(1,	'titre',	1,	'Comment ça marche ?',	NULL,	1,	'list1'),
(2,	'titre',	1,	'Menu',	NULL,	2,	'list2'),
(3,	'lien',	1,	'Mode d\'emploi',	9,	1,	'list1'),
(4,	'lien',	1,	'Foire aux questions',	8,	2,	'list1'),
(5,	'lien',	0,	'FAQ',	8,	2,	'list1'),
(6,	'lien',	1,	'Conditions d\'utilisations',	7,	3,	'list1'),
(7,	'lien',	1,	'Mentions Légales',	6,	4,	'list1'),
(8,	'lien',	1,	'Accueil',	1,	1,	'list2'),
(9,	'lien',	0,	'Homepage',	1,	1,	'list2'),
(10,	'lien',	1,	'Demander un devis',	3,	2,	'list2'),
(11,	'lien',	1,	'Les plus demandés',	5,	3,	'list2')
ON DUPLICATE KEY UPDATE `id` = VALUES(`id`), `category` = VALUES(`category`), `visible` = VALUES(`visible`), `text` = VALUES(`text`), `pages_id` = VALUES(`pages_id`), `position` = VALUES(`position`), `section` = VALUES(`section`);

DROP TABLE IF EXISTS `formulaire_devis`;
CREATE TABLE `formulaire_devis` (
  `id` int(11) NOT NULL AUTO_INCREMENT,
  `category_id` int(11) DEFAULT '1',
  `type_question` varchar(45) NOT NULL,
  `question` varchar(100) NOT NULL,
  `visible` tinyint(4) NOT NULL DEFAULT '1',
  `position` tinyint(4) NOT NULL,
  `required` tinyint(4) NOT NULL DEFAULT '1',
  PRIMARY KEY (`id`),
  KEY `formulaire_devis_category_id_idx` (`category_id`),
  CONSTRAINT `formulaire_devis_category_id` FOREIGN KEY (`category_id`) REFERENCES `categories_devis_provider` (`id`) ON DELETE SET NULL ON UPDATE SET NULL
) ENGINE=InnoDB DEFAULT CHARSET=utf8mb4;

INSERT INTO `formulaire_devis` (`id`, `category_id`, `type_question`, `question`, `visible`, `position`, `required`) VALUES
(1,	1,	'list',	'Quel est le type de travaux que vous désirez réaliser?',	1,	1,	1),
(2,	1,	'shortText',	'Code Postal (lieu des travaux)',	1,	2,	1),
(3,	1,	'shortText',	'Commune (lieu des travaux)',	1,	3,	1),
(4,	1,	'list',	'Quand voulez vous débuter les travaux?',	1,	4,	1),
(5,	1,	'longText',	'Informations sur les travaux à réaliser',	1,	5,	1),
(6,	1,	'longText',	'Donnez toutes les informations concernant vos travaux',	0,	100,	1),
(7,	2,	'checkChoice',	'Quel type de matériau souhaitez-vous pour vos fenêtres ?',	1,	1,	1),
(8,	2,	'checkChoice',	'Quel type de fenêtre souhaitez-vous ? ',	1,	2,	1),
(9,	2,	'radioChoice',	'Combien de fenêtres souhaitez-vous installer ?',	1,	3,	1),
(10,	1,	'list',	'Quel est votre objectif en demandant un devis',	1,	5,	1),
(11,	4,	'list',	'Type de bâtiment',	1,	1,	1),
(12,	9,	'radioChoice',	'Combien des pièces voulez-vous peindre?',	1,	4,	1),
(13,	9,	'radioChoice',	'Etat général des surfaces',	1,	5,	1),
(14,	9,	'radioChoice',	'Approximativement, quelle est l\'étendue de vos travaux de décoration ?',	1,	1,	1),
(17,	3,	'list',	'Dans quelle(s) pièce(s) souhaitez-vous réaliser vos travaux ?',	1,	1,	1),
(18,	3,	'radioChoice',	'Quelle prestation souhaitez-vous ?',	1,	2,	1),
(19,	3,	'shortText',	'Quelle est la surface approximative du la logement en m² ?',	1,	3,	1),
(20,	3,	'list',	'Combien y a-t-il d\'étages dans le bâtiment ?',	1,	4,	1),
(21,	3,	'radioChoice',	'Quel est l\'état général du bien ?',	1,	5,	1),
(22,	4,	'radioChoice',	'Quelle partie de la façade doit être restaurée ?',	1,	2,	1),
(23,	4,	'radioChoice',	'Quels sont les travaux à réaliser pour rénover votre façade ?',	1,	3,	1),
(24,	4,	'shortText',	'Quelle est la surface de la façade en m² ? (facultatif)',	1,	4,	1),
(25,	4,	'radioChoice',	'Combien y a-t-il d\'étages dans votre bâtiment ? (facultatif)',	1,	5,	1),
(26,	4,	'radioChoice',	'Quel est le matériau de votre façade actuelle ?',	1,	5,	1),
(27,	5,	'shortText',	'Nombre de murs concernés (facultatif)',	1,	1,	1),
(28,	5,	'shortText',	'Quelle est la largeur des murs à construire en cm ?',	1,	2,	1),
(29,	5,	'shortText',	'Quelle est la hauteur des murs à construire en cm ?',	1,	3,	1),
(30,	5,	'radioChoice',	'Avez-vous d\'autres projets ?',	1,	4,	1),
(31,	6,	'radioChoice',	'Quelle est la nature de vos travaux ?',	1,	1,	1),
(32,	6,	'radioChoice',	'Dans quelle(s) pièce(s) souhaitez-vous réaliser vos travaux ?',	1,	2,	1),
(33,	7,	'shortText',	'Combien de pièces sont concernées ?',	1,	1,	1),
(34,	7,	'shortText',	'Quelle est la surface totale concernée en m² ?',	1,	2,	1),
(35,	7,	'radioChoice',	'Quel est l\'état général du bien ? ',	1,	3,	1),
(36,	7,	'radioChoice',	'Les pièces sont-elles meublées ? ',	1,	4,	1),
(37,	8,	'list',	'Quel type de travaux d\'isolation souhaitez-vous réaliser ?',	1,	1,	1),
(38,	8,	'radioChoice',	'Quel type de matériau souhaitez-vous ?',	1,	2,	1),
(39,	8,	'shortText',	'Quelle est la surface à isoler en m² ?',	1,	3,	1),
(40,	8,	'radioChoice',	'À quel étage les travaux doivent-ils être réaliser ?',	1,	4,	1),
(41,	8,	'radioChoice',	'Quand souhaitez-vous que le travail soit terminé ?',	1,	5,	1),
(42,	10,	'list',	'Pour quel type de bâtiment ?',	1,	1,	1),
(43,	10,	'shortText',	'Quelle est la surface du bien actuel en m² ?',	1,	2,	1),
(44,	10,	'radioChoice',	'Quel est le type de construction de votre maison ?',	1,	3,	1),
(45,	10,	'shortText',	'Quelle est la surface de l\'extension à construire en m² ?',	1,	4,	1),
(46,	10,	'radioChoice',	'Quel type de construction souhaitez-vous pour l\'extension ?',	1,	5,	1),
(47,	10,	'list',	'Souhaitez-vous une extension par surélévation ?',	1,	6,	1),
(48,	10,	'list',	'Avez-vous besoin d\'un architecte ?',	1,	7,	1),
(49,	10,	'radioChoice',	'Avez-vous l\'autorisation de réaliser ce projet ?',	1,	8,	1),
(50,	10,	'radioChoice',	'Comment souhaitez-vous financer vos travaux ?',	1,	9,	1),
(51,	10,	'radioChoice',	'Quand souhaitez-vous que le travail soit terminé ?',	1,	10,	1),
(52,	11,	'radioChoice',	'Quelle est la nature de vos travaux ?',	1,	1,	1),
(53,	11,	'radioChoice',	'Pour quel type de bâtiment ?',	1,	2,	1),
(55,	11,	'radioChoice',	'De quel type de chauffage disposez-vous actuellement ? ',	1,	3,	1),
(56,	19,	'radioChoice',	'Quel type de revêtement souhaitez-vous installer ?',	1,	1,	1),
(57,	19,	'shortText',	'Combien de pièces sont concernées ?',	1,	2,	1),
(58,	14,	'shortText',	'Combien de points lumineux souhaitez-vous installer ?',	1,	1,	1),
(59,	14,	'shortText',	'Combien de prises électriques souhaitez-vous installer ?',	1,	2,	1),
(60,	12,	'radioChoice',	'Quels sont vos besoins ?',	1,	1,	1),
(61,	12,	'radioChoice',	'Quel type de matériau souhaitez-vous ?',	1,	2,	1)
ON DUPLICATE KEY UPDATE `id` = VALUES(`id`), `category_id` = VALUES(`category_id`), `type_question` = VALUES(`type_question`), `question` = VALUES(`question`), `visible` = VALUES(`visible`), `position` = VALUES(`position`), `required` = VALUES(`required`);

DROP TABLE IF EXISTS `formulaire_join_answer`;
CREATE TABLE `formulaire_join_answer` (
  `id` int(11) NOT NULL AUTO_INCREMENT,
  `formulaire_id` int(11) NOT NULL,
  `answer_id` int(11) NOT NULL,
  `position` int(11) NOT NULL,
  `visible` int(11) NOT NULL,
  PRIMARY KEY (`id`),
  KEY `fk_formulaire_join_answer_1_idx` (`formulaire_id`),
  KEY `fk_formulaire_join_answer_2_idx` (`answer_id`),
  CONSTRAINT `fk_formulaire_join_answer_1` FOREIGN KEY (`formulaire_id`) REFERENCES `formulaire_devis` (`id`),
  CONSTRAINT `fk_formulaire_join_answer_2` FOREIGN KEY (`answer_id`) REFERENCES `formulaire_possible_answer` (`id`)
) ENGINE=InnoDB DEFAULT CHARSET=utf8mb4;

INSERT INTO `formulaire_join_answer` (`id`, `formulaire_id`, `answer_id`, `position`, `visible`) VALUES
(1,	4,	6,	3,	1),
(2,	4,	7,	4,	1),
(3,	4,	4,	1,	1),
(4,	4,	5,	2,	1),
(5,	4,	8,	5,	1),
(6,	4,	9,	6,	1),
(7,	1,	1,	1,	1),
(8,	1,	2,	2,	1),
(9,	1,	3,	3,	1),
(10,	1,	10,	3,	0),
(11,	7,	11,	1,	1),
(12,	7,	12,	2,	1),
(13,	7,	13,	3,	1),
(14,	14,	40,	4,	1),
(15,	7,	15,	5,	1),
(16,	7,	16,	6,	1),
(17,	8,	15,	8,	1),
(18,	8,	18,	2,	1),
(19,	8,	20,	4,	1),
(20,	8,	21,	5,	1),
(21,	8,	22,	6,	1),
(22,	8,	23,	7,	1),
(23,	8,	19,	3,	1),
(24,	8,	17,	1,	1),
(25,	8,	16,	9,	1),
(26,	10,	24,	1,	1),
(27,	10,	25,	2,	1),
(28,	10,	26,	3,	1),
(29,	9,	27,	1,	0),
(30,	9,	28,	2,	0),
(31,	9,	29,	3,	0),
(32,	9,	30,	4,	0),
(33,	9,	31,	5,	0),
(34,	9,	32,	6,	0),
(35,	9,	33,	7,	0),
(36,	9,	34,	8,	0),
(37,	9,	35,	9,	0),
(38,	9,	36,	10,	0),
(39,	14,	37,	1,	1),
(40,	14,	38,	2,	1),
(41,	14,	39,	3,	1),
(42,	14,	41,	5,	1),
(43,	14,	42,	6,	1),
(44,	12,	27,	1,	1),
(45,	12,	28,	2,	1),
(46,	12,	29,	3,	1),
(47,	12,	30,	4,	1),
(48,	12,	31,	5,	1),
(49,	12,	32,	6,	1),
(50,	12,	33,	7,	1),
(51,	12,	34,	8,	1),
(52,	12,	35,	9,	1),
(53,	12,	36,	10,	1),
(54,	11,	47,	1,	1),
(56,	11,	48,	2,	1),
(57,	11,	49,	3,	1),
(58,	11,	50,	4,	1),
(59,	11,	51,	5,	1),
(60,	11,	52,	6,	1),
(61,	11,	53,	7,	1),
(63,	11,	55,	8,	1),
(64,	11,	56,	9,	1),
(65,	13,	57,	1,	1),
(66,	13,	58,	2,	1),
(67,	13,	59,	3,	1),
(68,	13,	60,	4,	1),
(69,	17,	61,	1,	1),
(70,	17,	62,	2,	1),
(71,	17,	63,	3,	1),
(72,	17,	64,	4,	1),
(73,	17,	65,	5,	1),
(74,	17,	66,	6,	1),
(75,	17,	67,	7,	1),
(76,	17,	68,	8,	1),
(77,	17,	69,	9,	1),
(78,	18,	70,	1,	1),
(79,	18,	71,	2,	1),
(80,	18,	72,	3,	1),
(81,	18,	73,	4,	1),
(82,	18,	74,	5,	1),
(83,	18,	75,	6,	1),
(84,	18,	76,	7,	1),
(85,	18,	77,	8,	1),
(86,	18,	78,	9,	1),
(87,	18,	79,	10,	1),
(88,	18,	80,	11,	1),
(89,	18,	81,	12,	1),
(90,	20,	27,	1,	1),
(91,	20,	28,	2,	1),
(92,	20,	82,	3,	1),
(93,	21,	57,	1,	1),
(94,	21,	58,	2,	1),
(95,	21,	59,	3,	1),
(96,	21,	60,	4,	1),
(97,	22,	83,	1,	1),
(98,	22,	84,	2,	1),
(99,	22,	85,	3,	1),
(100,	22,	69,	4,	1),
(101,	23,	86,	1,	1),
(102,	23,	87,	2,	1),
(103,	23,	88,	3,	1),
(104,	23,	89,	4,	1),
(105,	23,	90,	5,	1),
(106,	23,	69,	6,	1),
(107,	25,	27,	1,	1),
(108,	25,	28,	2,	1),
(109,	25,	82,	3,	1),
(110,	26,	91,	1,	1),
(111,	26,	92,	2,	1),
(112,	26,	12,	3,	1),
(113,	26,	93,	4,	1),
(114,	26,	94,	5,	1),
(115,	26,	86,	6,	1),
(116,	30,	95,	1,	1),
(117,	30,	86,	2,	1),
(118,	30,	89,	3,	1),
(119,	30,	97,	4,	1),
(120,	30,	81,	5,	1),
(121,	31,	98,	1,	1),
(122,	31,	99,	2,	1),
(123,	31,	81,	3,	1),
(124,	32,	61,	1,	1),
(125,	32,	62,	2,	1),
(126,	32,	63,	3,	1),
(127,	32,	64,	4,	1),
(128,	32,	65,	5,	1),
(129,	32,	66,	6,	1),
(130,	32,	67,	7,	1),
(131,	32,	68,	8,	1),
(132,	32,	69,	9,	1),
(133,	35,	57,	1,	1),
(134,	35,	58,	2,	1),
(135,	35,	59,	3,	1),
(136,	35,	60,	4,	1),
(137,	36,	100,	1,	1),
(138,	36,	101,	2,	1),
(139,	36,	94,	3,	1),
(140,	37,	102,	1,	1),
(141,	37,	103,	2,	1),
(142,	37,	104,	3,	1),
(143,	38,	105,	1,	1),
(144,	38,	106,	2,	1),
(145,	38,	107,	3,	1),
(146,	38,	108,	4,	1),
(147,	38,	109,	5,	1),
(148,	38,	110,	6,	1),
(149,	38,	81,	7,	1),
(150,	40,	66,	1,	1),
(151,	40,	111,	2,	1),
(152,	40,	112,	3,	1),
(153,	40,	113,	4,	1),
(154,	41,	114,	1,	1),
(155,	41,	115,	2,	1),
(156,	41,	116,	3,	1),
(157,	41,	117,	4,	1),
(159,	41,	118,	5,	1),
(160,	42,	119,	1,	1),
(161,	42,	120,	2,	1),
(162,	44,	91,	1,	1),
(163,	44,	92,	2,	1),
(164,	44,	121,	3,	1),
(165,	44,	94,	4,	1),
(166,	44,	81,	5,	1),
(167,	46,	91,	1,	1),
(168,	46,	92,	2,	1),
(169,	46,	121,	3,	1),
(170,	46,	94,	4,	1),
(171,	46,	81,	5,	1),
(172,	47,	100,	1,	1),
(173,	47,	101,	2,	1),
(174,	48,	100,	1,	1),
(175,	48,	101,	2,	1),
(176,	48,	104,	3,	1),
(177,	49,	100,	1,	1),
(178,	49,	101,	2,	1),
(179,	49,	122,	3,	1),
(180,	50,	122,	1,	1),
(181,	50,	123,	2,	1),
(182,	50,	124,	3,	1),
(183,	50,	94,	4,	1),
(185,	51,	114,	1,	1),
(186,	51,	115,	2,	1),
(187,	51,	116,	3,	1),
(188,	51,	117,	4,	1),
(189,	51,	118,	5,	1),
(190,	52,	99,	1,	1),
(191,	52,	125,	2,	1),
(192,	52,	126,	3,	1),
(193,	52,	127,	4,	1),
(194,	53,	47,	1,	1),
(195,	53,	48,	2,	1),
(196,	53,	49,	3,	1),
(197,	53,	50,	4,	1),
(198,	53,	51,	5,	1),
(199,	53,	52,	6,	1),
(200,	53,	53,	7,	1),
(203,	53,	55,	8,	1),
(204,	53,	56,	9,	1),
(205,	55,	95,	1,	1),
(206,	55,	128,	2,	1),
(207,	55,	132,	3,	1),
(208,	55,	131,	4,	1),
(209,	55,	12,	5,	5),
(210,	55,	94,	6,	1),
(211,	55,	56,	7,	1),
(212,	19,	133,	1,	1),
(213,	19,	134,	2,	1),
(214,	19,	135,	3,	1),
(215,	19,	136,	4,	1),
(216,	19,	16,	5,	1),
(217,	57,	27,	1,	1),
(218,	57,	28,	2,	1),
(219,	57,	29,	3,	1),
(220,	57,	30,	4,	1),
(221,	57,	31,	5,	1),
(222,	57,	137,	6,	1),
(224,	60,	138,	1,	1),
(225,	60,	139,	2,	1),
(226,	60,	140,	3,	1),
(227,	60,	141,	4,	1),
(228,	60,	142,	5,	1),
(229,	60,	143,	6,	1),
(230,	61,	11,	1,	1),
(231,	61,	12,	2,	1),
(232,	61,	13,	3,	1),
(233,	61,	14,	4,	1),
(234,	61,	144,	5,	1),
(235,	61,	56,	6,	1)
ON DUPLICATE KEY UPDATE `id` = VALUES(`id`), `formulaire_id` = VALUES(`formulaire_id`), `answer_id` = VALUES(`answer_id`), `position` = VALUES(`position`), `visible` = VALUES(`visible`);

DROP TABLE IF EXISTS `formulaire_possible_answer`;
CREATE TABLE `formulaire_possible_answer` (
  `id` int(11) NOT NULL AUTO_INCREMENT,
  `answer` varchar(255) NOT NULL,
  PRIMARY KEY (`id`)
) ENGINE=InnoDB DEFAULT CHARSET=utf8mb4;

INSERT INTO `formulaire_possible_answer` (`id`, `answer`) VALUES
(1,	'Rénovation/Réparation'),
(2,	'Neuf'),
(3,	'Neuf et rénovation'),
(4,	'Au plus vite'),
(5,	'Dans moins d\'1 mois'),
(6,	'Dans moins de 2 mois'),
(7,	'Dans moins de 6 mois'),
(8,	'Dans l\'année'),
(9,	'Pas de date définie'),
(10,	'Réparation'),
(11,	'Aluminium'),
(12,	'Bois'),
(13,	'PVC'),
(14,	'Acier'),
(15,	'Autres'),
(16,	'A définir'),
(17,	'Fenêtre fermée'),
(18,	'Fenêtre classique à un battant'),
(19,	'Fenêtre classique à deux battants'),
(20,	'Fenêtre oscillo-battante'),
(21,	'Porte-fenêtre'),
(22,	'Fenêtre coulissante'),
(23,	'Fenêtre de toit (Velux)'),
(24,	'Trouver une entreprise disponible'),
(25,	'Obtenir des devis et trouver une entreprise disponible'),
(26,	'Avoir une idée des prix'),
(27,	'1'),
(28,	'2'),
(29,	'3'),
(30,	'4'),
(31,	'5'),
(32,	'6'),
(33,	'7'),
(34,	'8'),
(35,	'9'),
(36,	'10 ou plus'),
(37,	'Une petite zone (plus petite qu\'un mur ou un plafond)'),
(38,	'1-5 murs et/ou plafonds'),
(39,	'6-10 murs et/ou plafonds'),
(40,	'11-20 murs et/ou plafonds'),
(41,	'20-30 murs et/ou plafonds'),
(42,	'Plus de 30 murs et/ou plafonds'),
(47,	'Appartement'),
(48,	'Maison individuelle'),
(49,	'Bureau'),
(50,	'Commerce'),
(51,	'Immeuble'),
(52,	'Local industriel'),
(53,	'Usine'),
(55,	'Hotel'),
(56,	'Autre'),
(57,	'Bon état'),
(58,	'Etat moyen'),
(59,	'Mauvais état'),
(60,	'Très mauvais état'),
(61,	'Salon'),
(62,	'Chambre(s)'),
(63,	'Salle de bains ou toilettes'),
(64,	'La cuisine'),
(65,	'Combles'),
(66,	'Sous-sol'),
(67,	'Garage ou cabanon'),
(68,	'Extérieur'),
(69,	'Autre'),
(70,	'Rénovation des murs ou plafonds'),
(71,	'Travaux de maçonnerie'),
(72,	'Installation d\'un revêtement de sol'),
(73,	'Pose ou rénovation d\'un carrelage'),
(74,	'Installation de fenêtres ou portes'),
(75,	'Travaux de démolition'),
(76,	'Travaux d\'électricité'),
(77,	'Travaux de plomberie'),
(78,	'Système de chauffage'),
(79,	'Rénovation de la toiture'),
(80,	'Ravalement de façade'),
(81,	'Autre'),
(82,	'3 ou plus'),
(83,	'Toute la façade'),
(84,	'Une partie de la façade'),
(85,	'Quelques parties de la façade'),
(86,	'Peinture'),
(87,	'Appliquer un enduit'),
(88,	'Décaper la façade'),
(89,	'Refaire l\'isolation'),
(90,	'Enlever la moisissure'),
(91,	'En brique'),
(92,	'Parpaing'),
(93,	'En pierre'),
(94,	'Je ne sais pas'),
(95,	'Aucun'),
(96,	'Refaire l\'isolation'),
(97,	'Papier peint'),
(98,	'Rénovation'),
(99,	'Installation neuve'),
(100,	'Oui'),
(101,	'Non'),
(102,	'Pour l\'intérieur'),
(103,	'Pour l\'extérieur'),
(104,	'A définir'),
(105,	'Laine de verre'),
(106,	'Isolant mince'),
(107,	'Panneaux'),
(108,	'Polystyrène'),
(109,	'Isolant naturel'),
(110,	'Matériau a définir'),
(111,	'Rez-de-chaussée'),
(112,	'Premier étage'),
(113,	'Deuxième étage'),
(114,	'Urgent'),
(115,	'Pas de date fixée'),
(116,	'Dans moins de deux semaines'),
(117,	'Dans moins d\'un moins'),
(118,	'Dans moins de 6 mois'),
(119,	'Maison individuelle plain-pied'),
(120,	'Maison individuelle à étages'),
(121,	'Ossature bois'),
(122,	'En cours'),
(123,	'Aucun crédit (comptant)'),
(124,	'Crédit obtenu'),
(125,	'Remplacement'),
(126,	'Réparation'),
(127,	'Entretien'),
(128,	'Gaz'),
(129,	'Fioul'),
(130,	'Électrique'),
(131,	'Géothermique'),
(132,	'Solaire'),
(133,	'Sol plastique clipsable'),
(134,	'Sol plastique collé'),
(135,	'Vinyle'),
(136,	'Linoléum'),
(137,	'Plus de 5'),
(138,	'Fenêtres'),
(139,	'Volets'),
(140,	'Portes de Garage'),
(141,	'Portails & Clôtures'),
(142,	'Portes'),
(143,	'Stores'),
(144,	'Matériau a définir')
ON DUPLICATE KEY UPDATE `id` = VALUES(`id`), `answer` = VALUES(`answer`);

DROP TABLE IF EXISTS `home_devis`;
CREATE TABLE `home_devis` (
  `id` int(11) NOT NULL AUTO_INCREMENT,
  `text_category` varchar(45) NOT NULL,
  `text` varchar(255) NOT NULL,
  `position` int(11) NOT NULL,
  `visible` int(11) NOT NULL,
  `page_section` varchar(45) NOT NULL,
  `pages_id` int(11) DEFAULT NULL,
  PRIMARY KEY (`id`),
  KEY `home_devis_pages_id_idx` (`pages_id`),
  CONSTRAINT `home_devis_pages_id` FOREIGN KEY (`pages_id`) REFERENCES `pages` (`id`) ON DELETE SET NULL ON UPDATE SET NULL
) ENGINE=InnoDB DEFAULT CHARSET=utf8mb4;

INSERT INTO `home_devis` (`id`, `text_category`, `text`, `position`, `visible`, `page_section`, `pages_id`) VALUES
(1,	'title',	'Pour faire votre demande, sélectionnez une des catégories ci-dessous',	1,	1,	'title',	NULL),
(2,	'button',	'Rechercher',	1,	1,	'button',	NULL),
(3,	'title',	'Besoin de faire appel à un artisan ?',	1,	1,	'right card',	NULL),
(4,	'title',	'Devis67 est la solution',	1,	1,	'right_card',	NULL),
(5,	'title',	'Comment est ce que ça fonctionne',	1,	1,	'right_card',	NULL),
(6,	'notice',	'Faites votre demande de devis.',	1,	1,	'right_card',	NULL),
(7,	'notice',	'Recevez <b>gratuitement</b> des devis sur mesures.',	2,	1,	'right_card',	NULL),
(8,	'notice',	'Comparez et sélectionnez l\'artisan de votre choix.',	3,	1,	'right_card',	NULL),
(9,	'notice',	'Choisissez le devis qui vous convient',	3,	0,	'right_card',	NULL),
(10,	'banniere',	'Simple + Rapide + Gratuit = Satisfaction Garantie !',	1,	1,	'banniere',	NULL),
(11,	'banniere',	'Simple, Gratuit et Facile: Satisfaction garantie',	1,	0,	'banniere',	NULL),
(12,	'title',	'Quelques Témoignages',	1,	1,	'temoignage',	NULL),
(13,	'text',	'Bon service, et gratuit en plus. Bien',	1,	1,	'temoignages',	NULL),
(14,	'text',	'Facile d\'utilisation et rapide.',	2,	1,	'temoignages',	NULL),
(15,	'text',	'J\'ai obtenu 4 devis pour la rénovation de mon toit. Cool',	3,	1,	'temoignages',	NULL),
(16,	'person',	' Boubakira H. 67800 Hoenheim ',	1,	1,	'temoignages',	NULL),
(17,	'person',	'Antoine M. 67800 Hoenheim ',	2,	1,	'temoignages',	NULL),
(18,	'person',	'Etienne, Vitry',	3,	0,	'temoignages',	NULL)
ON DUPLICATE KEY UPDATE `id` = VALUES(`id`), `text_category` = VALUES(`text_category`), `text` = VALUES(`text`), `position` = VALUES(`position`), `visible` = VALUES(`visible`), `page_section` = VALUES(`page_section`), `pages_id` = VALUES(`pages_id`);

DROP TABLE IF EXISTS `legal`;
CREATE TABLE `legal` (
  `id` int(11) NOT NULL AUTO_INCREMENT,
  `text_category` varchar(45) NOT NULL,
  `position` int(11) NOT NULL,
  `visible` int(11) NOT NULL,
  `text` varchar(255) NOT NULL,
  `pages_id` int(11) DEFAULT NULL,
  PRIMARY KEY (`id`),
  KEY `legal_pages_id_idx` (`pages_id`),
  CONSTRAINT `legal_pages_id` FOREIGN KEY (`pages_id`) REFERENCES `pages` (`id`) ON DELETE SET NULL ON UPDATE SET NULL
) ENGINE=InnoDB DEFAULT CHARSET=utf8mb4;

INSERT INTO `legal` (`id`, `text_category`, `position`, `visible`, `text`, `pages_id`) VALUES
(1,	'titre',	1,	1,	'MENTIONS LÉGALES',	NULL),
(2,	'sous-titre',	2,	1,	'TOUTES LES INFORMATIONS',	NULL),
(3,	'chapitre',	3,	1,	'SOCIÉTÉ',	NULL),
(4,	'chapitre',	4,	1,	'HÉBERGEUR',	NULL),
(5,	'chapitre',	5,	1,	'DESIGN & DÉVELOPPEMENT',	NULL),
(6,	'chapitre',	6,	1,	'COPYRIGHT',	NULL)
ON DUPLICATE KEY UPDATE `id` = VALUES(`id`), `text_category` = VALUES(`text_category`), `position` = VALUES(`position`), `visible` = VALUES(`visible`), `text` = VALUES(`text`), `pages_id` = VALUES(`pages_id`);

DROP TABLE IF EXISTS `messages`;
CREATE TABLE `messages` (
  `id` int(11) NOT NULL AUTO_INCREMENT,
  `statut` tinyint(4) NOT NULL DEFAULT '0',
  `subject` varchar(45) NOT NULL,
  `text` varchar(1000) NOT NULL,
  `created_at` datetime DEFAULT CURRENT_TIMESTAMP ON UPDATE CURRENT_TIMESTAMP,
  `user_id` int(11) DEFAULT NULL,
  `sender_name` varchar(55) DEFAULT NULL,
  `sender_email` varchar(55) DEFAULT NULL,
  PRIMARY KEY (`id`),
  KEY `message_user_id_idx` (`user_id`),
  CONSTRAINT `message_user_id` FOREIGN KEY (`user_id`) REFERENCES `user` (`id`)
) ENGINE=InnoDB DEFAULT CHARSET=utf8mb4;

INSERT INTO `messages` (`id`, `statut`, `subject`, `text`, `created_at`, `user_id`, `sender_name`, `sender_email`) VALUES
(9,	0,	'test loggedin user',	'lorem ipsum etc',	'2022-01-25 20:07:24',	80,	NULL,	NULL),
(10,	0,	'test loggedin user2',	'lorem ipsum etc',	'2022-01-25 20:12:42',	80,	NULL,	NULL),
(11,	0,	'test loggedin user',	'lorem ipsum etc',	'2022-02-10 10:45:53',	NULL,	'Thom',	'thomTest@wild.fr'),
(12,	0,	'test loggedin user2',	'lorem ipsum etc',	'2022-02-10 10:46:04',	NULL,	'Thomas ',	'thomasTest@wild.fr'),
(13,	0,	'test loggedin user3',	'lorem ipsum etc',	'2022-01-25 20:16:25',	80,	NULL,	NULL),
(14,	0,	'test loggedin user3',	'lorem ipsum etc',	'2022-01-25 20:17:05',	80,	NULL,	NULL),
(15,	0,	'test loggedin user2',	'lorem ipsum etc',	'2022-02-10 10:46:21',	NULL,	'Paul',	'paulTest@wild.fr'),
(16,	0,	'test loggedin user2',	'lorem ipsum etc',	'2022-02-10 10:46:38',	NULL,	'Sarah',	'sara@pinceau.fr'),
(17,	0,	'test loggedin user2',	'lorem ipsum etc',	'2022-02-10 10:46:47',	NULL,	'Thomas ',	'thomasTest@wild.fr'),
(18,	0,	'test loggedin user3',	'lorem ipsum etc',	'2022-01-25 20:43:32',	80,	NULL,	NULL),
(19,	0,	'test loggedin user3',	'lorem ipsum etc',	'2022-01-25 22:02:00',	80,	NULL,	NULL),
(20,	0,	'test loggedin user2',	'lorem ipsum etc',	'2022-02-10 10:47:09',	NULL,	'Sophie',	'SophieTest@wild.fr'),
(21,	0,	'test loggedin user3',	'lorem ipsum etc',	'2022-01-25 22:11:37',	80,	NULL,	NULL),
(22,	0,	'test loggedin user2',	'lorem ipsum etc',	'2022-02-10 10:47:45',	NULL,	'Arnaud',	'arnaud@pinceau.fr'),
(23,	0,	'test loggedin user3',	'lorem ipsum etc',	'2022-01-25 22:14:50',	80,	NULL,	NULL),
(24,	0,	'test loggedin user3',	'lorem ipsum etc',	'2022-01-25 22:34:49',	80,	NULL,	NULL),
(25,	0,	'test loggedin user2',	'lorem ipsum etc',	'2022-02-10 10:47:28',	NULL,	'Yass',	'yass@wild.fr'),
(45,	1,	'Aide',	'Bonjour, \nPouvez vous ajouter de la couleur? Merci',	'2022-02-10 10:44:58',	93,	'Fromentin',	'from@fro.fr'),
(46,	0,	'Coffre fort',	'J\'ai besoin d\'un devis pour coffre fort',	'2022-02-10 18:27:33',	95,	'Paoli',	'thomas@paoli.fr')
ON DUPLICATE KEY UPDATE `id` = VALUES(`id`), `statut` = VALUES(`statut`), `subject` = VALUES(`subject`), `text` = VALUES(`text`), `created_at` = VALUES(`created_at`), `user_id` = VALUES(`user_id`), `sender_name` = VALUES(`sender_name`), `sender_email` = VALUES(`sender_email`);

DROP TABLE IF EXISTS `navbar`;
CREATE TABLE `navbar` (
  `id` int(11) NOT NULL AUTO_INCREMENT,
  `position` int(11) NOT NULL DEFAULT '1',
  `text` varchar(45) NOT NULL DEFAULT 'à remplir',
  `visible` int(11) NOT NULL DEFAULT '0',
  `pages_id` int(11) DEFAULT '1',
  `pagetype` varchar(11) DEFAULT 'devis',
  PRIMARY KEY (`id`),
  UNIQUE KEY `id` (`id`),
  KEY `fk_pages_id_idx` (`pages_id`),
  CONSTRAINT `navbar_pages_id` FOREIGN KEY (`pages_id`) REFERENCES `pages` (`id`) ON DELETE SET NULL ON UPDATE SET NULL
) ENGINE=InnoDB DEFAULT CHARSET=utf8mb4;

INSERT INTO `navbar` (`id`, `position`, `text`, `visible`, `pages_id`, `pagetype`) VALUES
(1,	1,	'Accueil',	1,	1,	'devis'),
(2,	2,	'Bunker',	1,	50,	'devis'),
(3,	3,	'Mode d\'emploi',	1,	9,	'devis'),
(4,	4,	'Besoin d\'aide?',	1,	4,	'devis'),
(5,	3,	'Utilisation',	0,	9,	'devis'),
(146,	5,	'Espace Client',	1,	38,	'devis')
ON DUPLICATE KEY UPDATE `id` = VALUES(`id`), `position` = VALUES(`position`), `text` = VALUES(`text`), `visible` = VALUES(`visible`), `pages_id` = VALUES(`pages_id`), `pagetype` = VALUES(`pagetype`);

DROP TABLE IF EXISTS `notice`;
CREATE TABLE `notice` (
  `id` int(11) NOT NULL AUTO_INCREMENT,
  `text_category` varchar(45) NOT NULL,
  `text` varchar(255) NOT NULL,
  `position` int(11) NOT NULL,
  `visible` int(11) NOT NULL,
  `pages_id` int(11) DEFAULT NULL,
  PRIMARY KEY (`id`),
  KEY `notice_pages_id_idx` (`pages_id`),
  CONSTRAINT `notice_pages_id` FOREIGN KEY (`pages_id`) REFERENCES `pages` (`id`) ON DELETE SET NULL ON UPDATE SET NULL
) ENGINE=InnoDB DEFAULT CHARSET=utf8mb4;


DROP TABLE IF EXISTS `pages`;
CREATE TABLE `pages` (
  `id` int(11) NOT NULL AUTO_INCREMENT,
  `status` int(11) DEFAULT '0',
  `url` varchar(255) NOT NULL,
  `shortUrl` varchar(500) NOT NULL,
  `title` varchar(1000) NOT NULL,
  `description` varchar(1000) DEFAULT NULL,
  `keywords` varchar(1000) DEFAULT NULL,
  PRIMARY KEY (`id`)
) ENGINE=InnoDB DEFAULT CHARSET=utf8;

INSERT INTO `pages` (`id`, `status`, `url`, `shortUrl`, `title`, `description`, `keywords`) VALUES
(1,	1,	'/',	'index',	'Devis67.fr | Trouvez l\'artisan dont vous avez besoin près de chez vous au meilleur prix',	'Obtenez des devis gratuitement de la part de professionnels bas-rhinois pour les travaux que vous souhaitez engager chez vous.',	'devis, gratuit, bas-rhin, 67, artisan, entreprise, travaux, renovation, amenagement, batiment, appartement, maison, interieur, exterieur'),
(2,	1,	'/contact',	'contact',	'Devis67.fr | Vous avez des questions ? Contactez-nous',	'Obtenez des devis gratuitement de la part de professionnels bas-rhinois pour les travaux que vous souhaitez engager chez vous.',	'devis, gratuit, bas-rhin, 67, artisan, entreprise, travaux, renovation, amenagement, batiment, appartement, maison, interieur, exterieur'),
(3,	1,	'/devis',	'devis',	'Devis67.fr | Demander un devis',	'Obtenez des devis gratuitement de la part de professionnels bas-rhinois pour les travaux que vous souhaitez engager chez vous.',	'devis, gratuit, bas-rhin, 67, artisan, entreprise, travaux, renovation, amenagement, batiment, appartement, maison, interieur, exterieur'),
(4,	1,	'/aide',	'aide',	'Devis67.fr | Section Aide, Comment trouver les meilleurs devis d&#39;artisans dans votre région',	'Obtenez des devis gratuitement de la part de professionnels bas-rhinois pour les travaux que vous souhaitez engager chez vous.',	'devis, gratuit, bas-rhin, 67, artisan, entreprise, travaux, renovation, amenagement, batiment, appartement, maison, interieur, exterieur'),
(5,	1,	'/top-devis',	'top-devis',	'Devis67.fr | Le top des devis demandés par les utilisateurs',	'Obtenez des devis gratuitement de la part de professionnels bas-rhinois pour les travaux que vous souhaitez engager chez vous.',	'devis, gratuit, bas-rhin, 67, artisan, entreprise, travaux, renovation, amenagement, batiment, appartement, maison, interieur, exterieur'),
(6,	1,	'/aide/mentions-legales',	'mentions-légales',	'Devis67.fr | Mentions Légales',	'Obtenez des devis gratuitement de la part de professionnels bas-rhinois pour les travaux que vous souhaitez engager chez vous.',	'devis, gratuit, bas-rhin, 67, artisan, entreprise, travaux, renovation, amenagement, batiment, appartement, maison, interieur, exterieur'),
(7,	1,	'/aide/conditions-utilisations',	'conditions-utilisations',	'Devis67.fr | Nos conditions d&#39;utilisations',	'Obtenez des devis gratuitement de la part de professionnels bas-rhinois pour les travaux que vous souhaitez engager chez vous.',	'devis, gratuit, bas-rhin, 67, artisan, entreprise, travaux, renovation, amenagement, batiment, appartement, maison, interieur, exterieur'),
(8,	1,	'/aide/faq',	'faq',	'Devis67.fr | La foire aux questions',	'Obtenez des devis gratuitement de la part de professionnels bas-rhinois pour les travaux que vous souhaitez engager chez vous.',	'devis, gratuit, bas-rhin, 67, artisan, entreprise, travaux, renovation, amenagement, batiment, appartement, maison, interieur, exterieur'),
(9,	1,	'/aide/mode-emploi',	'mode-emploi',	'Devis67.fr | Le mode d\'emploi',	'Obtenez des devis gratuitement de la part de professionnels bas-rhinois pour les travaux que vous souhaitez engager chez vous.',	'devis, gratuit, bas-rhin, 67, artisan, entreprise, travaux, renovation, amenagement, batiment, appartement, maison, interieur, exterieur'),
(10,	1,	'/devis/Rénovation-interieure',	'Rénovation-interieure',	'Devis67.fr | Devis Rénovation interieure| Devis travaux Rénovation interieure en ligne à Strasbourg et alentours',	'Obtenez des devis gratuitement de la part de professionnels bas-rhinois pour les travaux que vous souhaitez engager chez vous.',	'Rénovation interieure, devis, gratuit, bas-rhin, 67, artisan, entreprise, travaux, renovation, amenagement, batiment, appartement, maison, interieur, exterieur'),
(11,	1,	'/devis/Facade-Ravalement-Enduit',	'Facade-Ravalement-Enduit',	'Devis67.fr | Devis Facade Ravalement Enduit| Devis travaux Facade Ravalement Enduit en ligne à Strasbourg et alentours',	'Obtenez des devis gratuitement de la part de professionnels bas-rhinois pour les travaux que vous souhaitez engager chez vous.',	'Facade Ravalement Enduit, devis, gratuit, bas-rhin, 67, artisan, entreprise, travaux, renovation, amenagement, batiment, appartement, maison, interieur, exterieur'),
(12,	1,	'/devis/Plafond-Cloison-Platre',	'Plafond-Cloison-Platre',	'Devis67.fr | Devis Plafond Cloison Platre| Devis travaux Plafond Cloison Platre en ligne à Strasbourg et alentours',	'Obtenez des devis gratuitement de la part de professionnels bas-rhinois pour les travaux que vous souhaitez engager chez vous.',	'Plafond Cloison Platre, devis, gratuit, bas-rhin, 67, artisan, entreprise, travaux, renovation, amenagement, batiment, appartement, maison, interieur, exterieur'),
(13,	1,	'/devis/Maconnerie-Démolition',	'Maconnerie-Démolition',	'Devis67.fr | Devis Maconnerie Démolition| Devis travaux Maconnerie Démolition en ligne à Strasbourg et alentours',	'Obtenez des devis gratuitement de la part de professionnels bas-rhinois pour les travaux que vous souhaitez engager chez vous.',	'Maconnerie Démolition, devis, gratuit, bas-rhin, 67, artisan, entreprise, travaux, renovation, amenagement, batiment, appartement, maison, interieur, exterieur'),
(14,	1,	'/devis/Amenagement-Intérieur',	'Amenagement-Intérieur',	'Devis67.fr | Devis Amenagement Intérieur| Devis travaux Amenagement Intérieur en ligne à Strasbourg et alentours',	'Obtenez des devis gratuitement de la part de professionnels bas-rhinois pour les travaux que vous souhaitez engager chez vous.',	'Amenagement Intérieur, devis, gratuit, bas-rhin, 67, artisan, entreprise, travaux, renovation, amenagement, batiment, appartement, maison, interieur, exterieur'),
(15,	1,	'/devis/Isolation-thermique-et-Acoustique',	'Isolation-thermique-et-Acoustique',	'Devis67.fr | Devis Isolation thermique et Acoustique| Devis travaux Isolation thermique et Acoustique en ligne à Strasbourg et alentours',	'Obtenez des devis gratuitement de la part de professionnels bas-rhinois pour les travaux que vous souhaitez engager chez vous.',	'Isolation thermique et Acoustique, devis, gratuit, bas-rhin, 67, artisan, entreprise, travaux, renovation, amenagement, batiment, appartement, maison, interieur, exterieur'),
(16,	1,	'/devis/Peinture-Tapisserie',	'Peinture-Tapisserie',	'Devis67.fr | Devis Peinture Tapisserie| Devis travaux Peinture Tapisserie en ligne à Strasbourg et alentours',	'Obtenez des devis gratuitement de la part de professionnels bas-rhinois pour les travaux que vous souhaitez engager chez vous.',	'Peinture Tapisserie, devis, gratuit, bas-rhin, 67, artisan, entreprise, travaux, renovation, amenagement, batiment, appartement, maison, interieur, exterieur'),
(17,	1,	'/devis/Fenêtres',	'Fenêtres',	'Devis67.fr | Devis Fenêtres| Devis travaux Fenêtres en ligne à Strasbourg et alentours',	'Obtenez des devis gratuitement de la part de professionnels bas-rhinois pour les travaux que vous souhaitez engager chez vous.',	'Fenêtres, devis, gratuit, bas-rhin, 67, artisan, entreprise, travaux, renovation, amenagement, batiment, appartement, maison, interieur, exterieur'),
(18,	1,	'/devis/Construction-Extension',	'Construction-Extension',	'Devis67.fr | Devis Construction Extension| Devis travaux Construction Extension en ligne à Strasbourg et alentours',	'Obtenez des devis gratuitement de la part de professionnels bas-rhinois pour les travaux que vous souhaitez engager chez vous.',	'Construction Extension, devis, gratuit, bas-rhin, 67, artisan, entreprise, travaux, renovation, amenagement, batiment, appartement, maison, interieur, exterieur'),
(19,	1,	'/devis/Chauffage-Chaudière',	'Chauffage-Chaudière',	'Devis67.fr | Devis Chauffage Chaudière| Devis travaux Chauffage Chaudière en ligne à Strasbourg et alentours',	'Obtenez des devis gratuitement de la part de professionnels bas-rhinois pour les travaux que vous souhaitez engager chez vous.',	'Chauffage Chaudière, devis, gratuit, bas-rhin, 67, artisan, entreprise, travaux, renovation, amenagement, batiment, appartement, maison, interieur, exterieur'),
(20,	1,	'/devis/Menuiseries',	'Menuiseries',	'Devis67.fr | Devis Menuiseries| Devis travaux Menuiseries en ligne à Strasbourg et alentours',	'Obtenez des devis gratuitement de la part de professionnels bas-rhinois pour les travaux que vous souhaitez engager chez vous.',	'Menuiseries, devis, gratuit, bas-rhin, 67, artisan, entreprise, travaux, renovation, amenagement, batiment, appartement, maison, interieur, exterieur'),
(21,	1,	'/devis/Toiture-Charpente-Couverture',	'Toiture-Charpente-Couverture',	'Devis67.fr | Devis Toiture Charpente Couverture| Devis travaux Toiture Charpente Couverture en ligne à Strasbourg et alentours',	'Obtenez des devis gratuitement de la part de professionnels bas-rhinois pour les travaux que vous souhaitez engager chez vous.',	'Toiture Charpente Couverture, devis, gratuit, bas-rhin, 67, artisan, entreprise, travaux, renovation, amenagement, batiment, appartement, maison, interieur, exterieur'),
(22,	1,	'/devis/climatisation-ventilation',	'climatisation-ventilation',	'',	'Obtenez des devis gratuitement de la part de professionnels bas-rhinois pour les travaux que vous souhaitez engager chez vous.',	'devis, gratuit, bas-rhin, 67, artisan, entreprise, travaux, renovation, amenagement, batiment, appartement, maison, interieur, exterieur'),
(23,	1,	'/devis/Electricité-courant-faible',	'Electricité-courant-faible',	'Devis67.fr | Devis Electricité courant faible| Devis travaux Electricité courant faible en ligne à Strasbourg et alentours',	'Obtenez des devis gratuitement de la part de professionnels bas-rhinois pour les travaux que vous souhaitez engager chez vous.',	'Electricité courant faible, devis, gratuit, bas-rhin, 67, artisan, entreprise, travaux, renovation, amenagement, batiment, appartement, maison, interieur, exterieur'),
(24,	1,	'/devis/Architecture-Expertise',	'Architecture-Expertise',	'Devis67.fr | Devis Architecture - Expertise| Devis travaux Architecture - Expertise en ligne à Strasbourg et alentours',	'Obtenez des devis gratuitement de la part de professionnels bas-rhinois pour les travaux que vous souhaitez engager chez vous.',	'Architecture - Expertise, devis, gratuit, bas-rhin, 67, artisan, entreprise, travaux, renovation, amenagement, batiment, appartement, maison, interieur, exterieur'),
(25,	1,	'/devis/Salle-de-bains-wc-spa',	'Salle-de-bains-wc-spa',	'Devis67.fr | Devis Salle de bains - wc - spa| Devis travaux Salle de bains - wc - spa en ligne à Strasbourg et alentours',	'Obtenez des devis gratuitement de la part de professionnels bas-rhinois pour les travaux que vous souhaitez engager chez vous.',	'Salle de bains - wc - spa, devis, gratuit, bas-rhin, 67, artisan, entreprise, travaux, renovation, amenagement, batiment, appartement, maison, interieur, exterieur'),
(26,	1,	'/devis/Cuisine',	'Cuisine',	'Devis67.fr | Devis Cuisine| Devis travaux Cuisine en ligne à Strasbourg et alentours',	'Obtenez des devis gratuitement de la part de professionnels bas-rhinois pour les travaux que vous souhaitez engager chez vous.',	'Cuisine, devis, gratuit, bas-rhin, 67, artisan, entreprise, travaux, renovation, amenagement, batiment, appartement, maison, interieur, exterieur'),
(27,	1,	'/devis/Plomberie',	'Plomberie',	'Devis67.fr | Devis Plomberie| Devis travaux Plomberie en ligne à Strasbourg et alentours',	'Obtenez des devis gratuitement de la part de professionnels bas-rhinois pour les travaux que vous souhaitez engager chez vous.',	'Plomberie, devis, gratuit, bas-rhin, 67, artisan, entreprise, travaux, renovation, amenagement, batiment, appartement, maison, interieur, exterieur'),
(28,	1,	'/devis/Sols-intérieurs',	'Sols-intérieurs',	'Devis67.fr | Devis Sols intérieurs| Devis travaux Sols intérieurs en ligne à Strasbourg et alentours',	'Obtenez des devis gratuitement de la part de professionnels bas-rhinois pour les travaux que vous souhaitez engager chez vous.',	'Sols intérieurs, devis, gratuit, bas-rhin, 67, artisan, entreprise, travaux, renovation, amenagement, batiment, appartement, maison, interieur, exterieur'),
(29,	1,	'/devis/Sols-extérieurs',	'Sols-extérieurs',	'Devis67.fr | Devis Sols extérieurs| Devis travaux Sols extérieurs en ligne à Strasbourg et alentours',	'Obtenez des devis gratuitement de la part de professionnels bas-rhinois pour les travaux que vous souhaitez engager chez vous.',	'Sols extérieurs, devis, gratuit, bas-rhin, 67, artisan, entreprise, travaux, renovation, amenagement, batiment, appartement, maison, interieur, exterieur'),
(30,	1,	'/devis/Piscine-Abri-piscine',	'Piscine-Abri-piscine',	'Devis67.fr | Devis Piscine - Abri piscine| Devis travaux Piscine - Abri piscine en ligne à Strasbourg et alentours',	'Obtenez des devis gratuitement de la part de professionnels bas-rhinois pour les travaux que vous souhaitez engager chez vous.',	'Piscine - Abri piscine, devis, gratuit, bas-rhin, 67, artisan, entreprise, travaux, renovation, amenagement, batiment, appartement, maison, interieur, exterieur'),
(31,	1,	'/devis/Assainissement-Terrassement',	'Assainissement-Terrassement',	'Devis67.fr | Devis Assainissement - Terrassement| Devis travaux Assainissement - Terrassement en ligne à Strasbourg et alentours',	'Obtenez des devis gratuitement de la part de professionnels bas-rhinois pour les travaux que vous souhaitez engager chez vous.',	'Assainissement - Terrassement, devis, gratuit, bas-rhin, 67, artisan, entreprise, travaux, renovation, amenagement, batiment, appartement, maison, interieur, exterieur'),
(32,	1,	'/devis/Véranda-Pergola-Verrière',	'Véranda-Pergola-Verrière',	'Devis67.fr | Devis Véranda Pergola Verrière| Devis travaux Véranda Pergola Verrière en ligne à Strasbourg et alentours',	'Obtenez des devis gratuitement de la part de professionnels bas-rhinois pour les travaux que vous souhaitez engager chez vous.',	'Véranda Pergola Verrière, devis, gratuit, bas-rhin, 67, artisan, entreprise, travaux, renovation, amenagement, batiment, appartement, maison, interieur, exterieur'),
(33,	1,	'/devis/Diagnostics-Traitements',	'Diagnostics-Traitements',	'Devis67.fr | Devis Diagnostics - Traitements| Devis travaux Diagnostics - Traitements en ligne à Strasbourg et alentours',	'Obtenez des devis gratuitement de la part de professionnels bas-rhinois pour les travaux que vous souhaitez engager chez vous.',	'Diagnostics - Traitements, devis, gratuit, bas-rhin, 67, artisan, entreprise, travaux, renovation, amenagement, batiment, appartement, maison, interieur, exterieur'),
(34,	1,	'/devis/Jardin-Cloture-Portail',	'Jardin-Cloture-Portail',	'Devis67.fr | Devis Jardin Cloture Portail| Devis travaux Jardin Cloture Portail en ligne à Strasbourg et alentours',	'Obtenez des devis gratuitement de la part de professionnels bas-rhinois pour les travaux que vous souhaitez engager chez vous.',	'Jardin Cloture Portail, devis, gratuit, bas-rhin, 67, artisan, entreprise, travaux, renovation, amenagement, batiment, appartement, maison, interieur, exterieur'),
(35,	1,	'/devis/Escalier-Garde-corps',	'Escalier-Garde-corps',	'Devis67.fr | Devis Escalier - Garde-corps| Devis travaux Escalier - Garde-corps en ligne à Strasbourg et alentours',	'Obtenez des devis gratuitement de la part de professionnels bas-rhinois pour les travaux que vous souhaitez engager chez vous.',	'Escalier - Garde-corps, devis, gratuit, bas-rhin, 67, artisan, entreprise, travaux, renovation, amenagement, batiment, appartement, maison, interieur, exterieur'),
(36,	1,	'/devis/Cheminée-et-accessoires',	'Cheminée-et-accessoires',	'Devis67.fr | Devis Cheminée et accessoires| Devis travaux Cheminée et accessoires en ligne à Strasbourg et alentours',	'Obtenez des devis gratuitement de la part de professionnels bas-rhinois pour les travaux que vous souhaitez engager chez vous.',	'Cheminée et accessoires, devis, gratuit, bas-rhin, 67, artisan, entreprise, travaux, renovation, amenagement, batiment, appartement, maison, interieur, exterieur'),
(37,	1,	'/devis/Devis-Divers',	'Devis-Divers',	'Devis67.fr | Devis Devis Divers| Devis travaux Devis Divers en ligne à Strasbourg et alentours',	'Obtenez des devis gratuitement de la part de professionnels bas-rhinois pour les travaux que vous souhaitez engager chez vous.',	'Devis Divers, devis, gratuit, bas-rhin, 67, artisan, entreprise, travaux, renovation, amenagement, batiment, appartement, maison, interieur, exterieur'),
(38,	1,	'/espace-client',	'espace-client',	'Devis67.fr | Espace Client',	'Obtenez des devis gratuitement de la part de professionnels bas-rhinois pour les travaux que vous souhaitez engager chez vous.',	'devis, gratuit, bas-rhin, 67, artisan, entreprise, travaux, renovation, amenagement, batiment, appartement, maison, interieur, exterieur'),
(50,	0,	'/devis/Bunker-à-Lego',	'Bunker-à-Lego',	'Devis67.fr | Devis Bunker à Lego| Devis travaux Bunker à Lego en ligne à Strasbourg et alentours',	'Obtenez des devis gratuitement de la part de professionnels bas-rhinois pour les travaux que vous souhaitez engager chez vous.',	'Bunker à Lego, devis, gratuit, bas-rhin, 67, artisan, entreprise, travaux, renovation, amenagement, batiment, appartement, maison, interieur, exterieur')
ON DUPLICATE KEY UPDATE `id` = VALUES(`id`), `status` = VALUES(`status`), `url` = VALUES(`url`), `shortUrl` = VALUES(`shortUrl`), `title` = VALUES(`title`), `description` = VALUES(`description`), `keywords` = VALUES(`keywords`);

DROP TABLE IF EXISTS `pages_content`;
CREATE TABLE `pages_content` (
  `id` int(11) NOT NULL AUTO_INCREMENT,
  `page_name` varchar(45) NOT NULL,
  `visible` int(11) NOT NULL,
  `page_section` varchar(45) NOT NULL,
  `text_type` varchar(45) NOT NULL,
  `position` int(11) NOT NULL,
  `text` varchar(1000) NOT NULL,
  `pages_id` int(11) DEFAULT NULL,
  PRIMARY KEY (`id`),
  KEY `fk_content_pages_id_idx` (`pages_id`),
  CONSTRAINT `fk_content_pages_id` FOREIGN KEY (`pages_id`) REFERENCES `pages` (`id`) ON DELETE SET NULL ON UPDATE SET NULL
) ENGINE=InnoDB DEFAULT CHARSET=utf8mb4;

INSERT INTO `pages_content` (`id`, `page_name`, `visible`, `page_section`, `text_type`, `position`, `text`, `pages_id`) VALUES
(1,	'conditions',	1,	'title',	'title',	0,	'Condition d\'utilisations',	NULL),
(2,	'conditions',	1,	'title',	'subtitle',	0,	'Les conditions d\'utilisations qui régissent Devis67',	NULL),
(3,	'conditions',	0,	'title',	'subtitle',	0,	'Nos conditions d\'utilisations',	NULL),
(4,	'conditions',	1,	'chapterTitle',	'title',	1,	'Définitions',	NULL),
(5,	'conditions',	1,	'text',	'text',	1,	'Les utilisateurs: particuliers, sociétés, artisans, commerçants, architectes, syndic de copropriété, collectivités locales, administrations qui recherchent un ou plusieurs prestataires pour faire réaliser des prestations de services (travaux de construction, rénovation, aménagement, décoration, etc.).',	NULL),
(6,	'conditions',	1,	'text',	'text',	1,	'Les prestataires: tout professionnel pouvant répondre à une demande de devis émise par un utilisateur.',	NULL),
(7,	'conditions',	1,	'chapterTitle',	'title',	2,	'Description du service',	NULL),
(8,	'conditions',	1,	'text',	'text',	2,	'Le site devis67 propose un service de mise en relation clients/prestataires. <br> Pour être mis en relation gratuitement avec un ou plusieurs prestataires, l\'utilisateur doit remplir le formulaire de demande de devis correspondant aux prestations qu\'il souhaite faire réaliser. <br> Les prestataires intéressés par une demande de devis se mettent ensuite directement en contact avec le client pour lui établir son devis et, le cas échéant, réaliser la ou les prestations demandées. <br> Le site devis67 ne permet pas d\'obtenir un devis automatiquement par email. Les devis sont réalisés par des professionnels bas-rhinois. Dans la majorité des cas, un contact téléphonique et physique est nécessaire entre l\'utilisateur et le prestataire afin que ce dernier puisse établir un devis précis.',	NULL),
(9,	'conditions',	1,	'chapterTitle',	'title',	3,	' Côut du service',	NULL),
(10,	'conditions',	1,	'text',	'text',	3,	'Le service de mise en relation proposé par devis67 est entièrement gratuit pour les utilisateurs.',	NULL),
(11,	'conditions',	1,	'chapterTitle',	'title',	7,	'Engagement des utilisateurs',	NULL),
(15,	'conditions',	1,	'text',	'text',	7,	'Les utilisateurs s\'engagent à utiliser le service de mise en relation du site devis67 à des fins personnelles et pour des prestations réelles et sérieuses.  Les utilisateurs s\'engagent à indiquer dans leurs demandes de devis des informations exactes.  Les utilisateurs s\'engagent à informer devis67 dès qu\'ils n\'ont plus besoin d\'être mis en relation avec un prestataire.  Les utilisateurs s\'engagent à informer devis67 de toute modification portant sur le contenu des demandes de devis qu\'ils ont passés. ',	NULL),
(16,	'conditions',	1,	'text',	'text',	7,	'Toute utilisation abusive des services et du site devis67 fera l\'objet de poursuites judiciaires. Sont par exemple considérées comme abusives les demandes de devis fantaisistes, ou contenant des informations fausses, ou contraires aux bonnes moeurs, ou portant sur des produits/services prohibés ou illégaux, ou portant atteinte à l\'ordre public, ou usurpant l\'identité d\'une tierce personne.  Toute demande de devis non confirmée, incomplète, trop approximative, contenant des informations fausses ou incohérente sera systématiquement refusé.',	NULL),
(23,	'conditions',	1,	'chapterTitle',	'title',	8,	'Engagement des prestataires',	NULL),
(24,	'conditions',	1,	'text',	'text',	8,	'Pour pouvoir répondre aux demandes de devis, les prestataires s\'enagent à :      réaliser des devis gratuits     respecter les engagements et les délais indiqués sur les devis     respecter la réglementation et les normes en vigueur     respecter le droit fiscal et social imposé par le législateur     être à jour des assurances obligatoires     effectuer des prestations de qualité',	NULL),
(25,	'conditions',	1,	'text',	'text',	8,	'devis67 est extrêmement vigilent quant au respect des engagements pris par les prestataires pour pouvoir accéder aux demandes de devis et répondre aux utilisateurs.',	NULL),
(26,	'conditions',	1,	'chapterTitle',	'title',	9,	'Engagements et responsabilité de devis67',	NULL),
(27,	'conditions',	1,	'text',	'text',	9,	'devis67 s\'engage à proposer son service gratuitement aux utilisateurs. devis67 s\'engage à tout mettre en oeuvre pour trouver le plus rapidement possible un ou plusieurs prestataires pouvant répondre à la demande de devis d\'un utilisateur. devis67 s\'engage à ne pas mettre en relation un utilisateur avec plus de 10 prestataires pour chaque demande de devis. devis67 s\'engage à informer les utilisateurs par email dès qu\'un prestataire a été trouvé et à lui communiquer toutes les coordonnées du dit prestataire. devis67 s\'efforcera de communiquer des informations à jour et vérifiée à l\'utilisateur mais ne pourra pas être tenu pour responsable en cas d\'erreur, d\'omission ou de diffusion de fausses informations de la part du prestataire.',	NULL),
(28,	'conditions',	1,	'text',	'text',	9,	'devis67 se réserve le droit d\'accepter ou refuser la demande de devis le l\'uitlisateur devis67 s\'engage à informer les utilisateurs par email, dans un délai de 7 jours ouvrés, dans le cas où aucun prestataire n\'aurait été trouvé pour répondre à la demande de devis. En aucun cas, devis67 ne pourra être tenu pour responsable des éventuels désagréments ou dommages occasionnés par le fait qu\'aucun professionnel n\'ait été trouvé pour répondre à une demande de devis.',	NULL),
(29,	'conditions',	1,	'text',	'text',	9,	'Le service de devis67 prend fin automatiquement au moment où l\'utilisateur a été mis en contact avec un prestataire. Devis67 n\'intervient jamais dans la relation commerciale (avant, pendant et après la réalisation des prestations demandées) qui unit l\'utilisateur et le prestataire trouvé par son intermédiaire mais choisi par l\'utilisateur. Devis67 ne pourra en aucun cas être tenu pour responsable des éventuels dommages et désagréments occasionnés avant, pendant ou après la réalisation des prestations réalisées par le prestataire choisi par l\'utilisateur. devis67 décline toute responsabilité quant aux conséquences directes et indirectes de sa mise en relation. Il est de la seule responsabilité des utilisateurs de vérifier les références, les assurances et les compétences des prestataires avec lesquels ils décident de travailler.',	NULL),
(30,	'conditions',	1,	'chapterTitle',	'title',	10,	'Données personnelles',	NULL),
(31,	'conditions',	1,	'text',	'text',	10,	'Les données personnelles fournies par les utilisateurs lors du passage d\'une demande de devis sont strictement confidentielles.  Les données personnelles fournies par les utilisateurs sont exclusivement destinées au traitement des demandes de devis et seront transmises à 5 prestataires maximum.',	NULL),
(32,	'conditions',	1,	'text',	'text',	10,	'Aucune donnée personnelle ne sera publiée sur Internet. Aucune donnée personnelle ne sera communiquée à des tiers sans accord préalable de l\'utilisateur.  Conformément à la loi «informatique et libertés» du 6 janvier 1978, vous bénéficiez d\'un droit d\'accès et de rectification aux informations qui vous concernent. Si vous souhaitez exercer ce droit et obtenir communication des informations vous concernant, veuillez vous adresser via le formulaire de contact ici.',	NULL),
(33,	'modeEmploi',	1,	'title',	'title',	1,	'Mode d\'emploi',	NULL),
(34,	'modeEmploi',	1,	'title',	'title',	1,	'La démarche est très simple et se fait en trois étapes',	NULL),
(35,	'modeEmploi',	1,	'text',	'text',	1,	'1.Tout d\'abord vous effectuez votre demande de devis en complétant le formulaire prévu à cet effet ici. Y figureront notamment les informations relative aux travaux à réaliser, neuf ou rénovation, etc.',	NULL),
(36,	'modeEmploi',	1,	'text',	'text',	1,	'2.Ensuite, après réception nous validons puis transmettons votre de demande devis aux prestataires de notre réseau (tous bas-rhinois) et vous recevez gratuitement des devis sur mesure.',	NULL),
(37,	'modeEmploi',	1,	'text',	'text',	1,	'3.Pour finir, vous n\'avez plus qu\'à comparer et sélectionner le devis de votre choix. Il n\'y aucun engagement de votre part, si vous n\'êtes pas satisfait des devis reçus vous pouvez tout aussi bien ne pas donner suite.',	NULL),
(38,	'mentions_legales',	1,	'chapterTitle',	'title',	0,	'Mentions légales',	NULL),
(39,	'mentions_legales',	1,	'chapterTitle',	'title',	1,	'Toutes les informations',	NULL),
(40,	'mentions_legales',	1,	'title',	'title',	1,	' Société',	NULL),
(41,	'mentions_legales',	1,	'text',	'text',	1,	'Le site Devis67 est la propriété de la société BAHEM Sàrl. Le site à été crée en 2014 et propose ses services à tous les bas-rhinois qu\'ils soient des particuliers ou professionels, à la recherche de prestataires pour obtenir des devis gratuitement, de manière très simple et rapide.',	NULL),
(42,	'mentions_legales',	1,	'text',	'text',	1,	'BAHEM Sàrl rue de westhoffen 3A 67300 SCHILTIGHEIM SIRET: 791 890 254 00018 Code APE: 7490A ',	NULL),
(43,	'mentions_legales',	1,	'title',	'title',	2,	'Hébergeur',	NULL),
(44,	'mentions_legales',	1,	'text',	'text',	2,	'OVH, 140 quai du Sartel, 59100 Roubaix Téléphone: 08 99 70 17 61',	NULL),
(45,	'mentions_legales',	1,	'title',	'title',	3,	'Design & développement',	NULL),
(46,	'mentions_legales',	1,	'text',	'text',	3,	'Hüseyin DOGAN',	NULL),
(47,	'mentions_legales',	1,	'title',	'title',	4,	'Copyright',	NULL),
(48,	'mentions_legales',	1,	'text',	'text',	4,	'Droit et propriété intellectuelle  L\'ensemble de ce site relève de la législation française et internationale sur le droit d\'auteur et la propriété intellectuelle. Tous les droits de reproduction sont réservés, y compris pour les documents téléchargeables et les représentations iconographiques et photographiques. La reproduction de tout ou partie de ce site sur quelque support que ce soit est formellement interdite sauf notre autorisation expresse.',	NULL),
(49,	'mentions_legales',	1,	'text',	'text',	4,	'L\'ensemble de ce site relève de la législation française et internationale sur le droit d\'auteur et la propriété intellectuelle. Tous les droits de reproduction sont réservés, y compris pour les documents téléchargeables et les représentations iconographiques et photographiques. La reproduction de tout ou partie de ce site sur quelque support que ce soit est formellement interdite sauf notre autorisation expresse.',	NULL),
(50,	'mentions_legales',	1,	'text',	'text',	4,	'Vous disposez d\'un droit d\'accès, de modification, de rectification et de suppression des données vous concernant (art. 34 de la loi Informatique et Libertés du 6 Janvier 1978).  Pour exercer ce droit, contactez nous par courrier à l\'adresse suivante: BAHEM Sàrl 3A 67300 SCHILTIGHEIM.',	NULL),
(51,	'aide',	1,	'chapterTitle',	'title',	0,	'Besoin d\'aide',	NULL),
(52,	'aide',	1,	'chapterTitle',	'title',	0,	'Cette page est ici pour vous aider',	NULL),
(53,	'aide',	1,	'lien',	'title',	1,	'Mode d\'emploi',	9),
(54,	'aide',	1,	'lien',	'title',	2,	'Nos conditions d\'utilisation',	7),
(55,	'aide',	1,	'lien',	'title',	3,	'La foire aux questions',	8),
(56,	'aide',	1,	'text',	'text',	4,	'En cas de besoin ou si vous ne trouvez pas de réponses à vos questions n\'hesitez pas à nous contacter, pour cela vous avez la possibilité de téléphoner ou encore de nous envoyer un email à l\'aide du formulaire de contact (lien ci-dessous):',	NULL),
(57,	'aide',	1,	'lien',	'title',	5,	'Contactez-nous',	2),
(58,	'aide',	1,	'title',	'title',	6,	'Aide par téléphone ',	NULL),
(59,	'aide',	1,	'text',	'text',	7,	'06 22 78 82 21 ',	NULL),
(60,	'aide',	1,	'text',	'text',	8,	'06 74 44 30 35 ',	NULL),
(61,	'faq',	1,	'title',	'title',	1,	'A quoi correspond votre solution d’accompagnement pendant le chantier ?',	NULL),
(62,	'faq',	1,	'text',	'text',	1,	'Lorem Ipsum is simply dummy text of the printing and typesetting industry. Lorem Ipsum has been the industry\'s standard dummy text ever since the 1500s, when an unknown printer took a galley of type and scrambled it to make a type specimen book.',	NULL),
(63,	'faq',	1,	'title',	'title',	2,	'Devis67 s’engage-t-il sur la rapidité des travaux ?',	NULL),
(64,	'faq',	1,	'text',	'text',	2,	'Lorem Ipsum is simply dummy text of the printing and typesetting industry. Lorem Ipsum has been the industry\'s standard dummy text ever since the 1500s, when an unknown printer took a galley of type and scrambled it to make a type specimen book.',	NULL),
(78,	'faq',	1,	'title',	'title',	3,	'Comment garantissez-vous des prix justes ?',	NULL),
(79,	'faq',	1,	'text',	'text',	3,	'Lorem Ipsum is simply dummy text of the printing and typesetting industry. Lorem Ipsum has been the industry\'s standard dummy text ever since the 1500s, when an unknown printer took a galley of type and scrambled it to make a type specimen book.',	NULL),
(80,	'faq',	1,	'title',	'title',	4,	'Comment sont sélectionnées les entreprises ?',	NULL),
(81,	'faq',	1,	'text',	'text',	4,	'Lorem Ipsum is simply dummy text of the printing and typesetting industry. Lorem Ipsum has been the industry\'s standard dummy text ever since the 1500s, when an unknown printer took a galley of type and scrambled it to make a type specimen book.',	NULL),
(84,	'mentions_legales',	1,	'text',	'text',	4,	'Pour exercer ce droit, contactez nous par courrier à l\'adresse suivante: BAHEM Sàrl 3A 67300 SCHILTIGHEIM.',	NULL)
ON DUPLICATE KEY UPDATE `id` = VALUES(`id`), `page_name` = VALUES(`page_name`), `visible` = VALUES(`visible`), `page_section` = VALUES(`page_section`), `text_type` = VALUES(`text_type`), `position` = VALUES(`position`), `text` = VALUES(`text`), `pages_id` = VALUES(`pages_id`);

DROP TABLE IF EXISTS `provider`;
CREATE TABLE `provider` (
  `id` int(11) NOT NULL AUTO_INCREMENT,
  `status` int(11) NOT NULL,
  `type` int(11) NOT NULL,
  `name` varchar(255) NOT NULL,
  `contact_name` varchar(255) NOT NULL,
  `address` varchar(45) NOT NULL,
  `phone` int(11) DEFAULT NULL,
  `email` varchar(255) NOT NULL,
  `zipcode` int(11) NOT NULL,
  `city` varchar(255) NOT NULL,
  PRIMARY KEY (`id`)
) ENGINE=InnoDB DEFAULT CHARSET=utf8mb4;


DROP TABLE IF EXISTS `provider_join_category`;
CREATE TABLE `provider_join_category` (
  `id` int(11) NOT NULL,
  `provider_id` int(11) NOT NULL,
  `category_id` int(11) NOT NULL,
  PRIMARY KEY (`id`),
  KEY `fk_provider_has_category_provider1_idx` (`provider_id`),
  KEY `fk_provider_category_idx` (`category_id`),
  CONSTRAINT `fk_category_provider` FOREIGN KEY (`provider_id`) REFERENCES `provider` (`id`),
  CONSTRAINT `fk_provider_category` FOREIGN KEY (`category_id`) REFERENCES `categories_devis_provider` (`id`)
) ENGINE=InnoDB DEFAULT CHARSET=utf8mb4;


DROP TABLE IF EXISTS `questions_answers`;
CREATE TABLE `questions_answers` (
  `id` int(11) NOT NULL AUTO_INCREMENT,
  `questions` varchar(100) NOT NULL,
  `answers` varchar(255) NOT NULL,
  `devis_id` int(11) NOT NULL,
  `created_at` datetime NOT NULL DEFAULT CURRENT_TIMESTAMP,
  PRIMARY KEY (`id`),
  KEY `question_devis_id_idx` (`devis_id`),
  CONSTRAINT `question_devis_id` FOREIGN KEY (`devis_id`) REFERENCES `devis` (`id`)
) ENGINE=InnoDB DEFAULT CHARSET=utf8mb4;

INSERT INTO `questions_answers` (`id`, `questions`, `answers`, `devis_id`, `created_at`) VALUES
(1,	'Quel type de matériau souhaitez-vous pour vos fenêtres ?',	'PVC, bois',	30,	'2022-01-27 15:17:48'),
(2,	'Quel type de fenêtre souhaitez-vous ? ',	'Porte-fenêtre',	30,	'2022-01-27 15:17:48'),
(3,	'Combien de fenêtres souhaitez-vous installer ?',	'3',	30,	'2022-01-27 15:17:48'),
(4,	'Quel type de matériau souhaitez-vous pour vos fenêtres ?',	'PVC, bois',	31,	'2022-01-27 15:17:48'),
(5,	'Quel type de fenêtre souhaitez-vous ? ',	'Porte-fenêtre',	31,	'2022-01-27 15:17:48'),
(6,	'Combien de fenêtres souhaitez-vous installer ?',	'15',	31,	'2022-01-27 15:17:48'),
(7,	'Quel type de matériau souhaitez-vous pour vos fenêtres ?',	'PVC, bois',	32,	'2022-01-27 15:17:48'),
(8,	'Quel type de fenêtre souhaitez-vous ? ',	'Porte-fenêtre',	32,	'2022-01-27 15:17:48'),
(9,	'Combien de fenêtres souhaitez-vous installer ?',	'15',	32,	'2022-01-27 15:17:48'),
(10,	'Quel type de matériau souhaitez-vous pour vos fenêtres ?',	'PVC, bois',	33,	'2022-01-27 15:17:48'),
(11,	'Quel type de fenêtre souhaitez-vous ? ',	'Porte-fenêtre',	33,	'2022-01-27 15:17:48'),
(12,	'Combien de fenêtres souhaitez-vous installer ?',	'15',	33,	'2022-01-27 15:17:48'),
(13,	'Quel type de matériau souhaitez-vous pour vos fenêtres ?',	'PVC, bois',	34,	'2022-01-27 15:17:48'),
(14,	'Quel type de fenêtre souhaitez-vous ? ',	'Porte-fenêtre',	34,	'2022-01-27 15:17:48'),
(15,	'Combien de fenêtres souhaitez-vous installer ?',	'15',	34,	'2022-01-27 15:17:48'),
(16,	'Quel type de matériau souhaitez-vous pour vos fenêtres ?',	'PVC, bois',	35,	'2022-01-27 15:17:48'),
(17,	'Quel type de fenêtre souhaitez-vous ? ',	'Porte-fenêtre',	35,	'2022-01-27 15:17:48'),
(18,	'Combien de fenêtres souhaitez-vous installer ?',	'15',	35,	'2022-01-27 15:17:48'),
(19,	'Quel type de matériau souhaitez-vous pour vos fenêtres ?',	'PVC, bois',	36,	'2022-01-27 15:17:48'),
(20,	'Quel type de fenêtre souhaitez-vous ? ',	'Porte-fenêtre',	36,	'2022-01-27 15:17:48'),
(21,	'Combien de fenêtres souhaitez-vous installer ?',	'15',	36,	'2022-01-27 15:17:48'),
(22,	'Quel type de matériau souhaitez-vous pour vos fenêtres ?',	'PVC, bois, ALU',	37,	'2022-01-27 15:17:48'),
(23,	'Quel type de fenêtre souhaitez-vous ? ',	'Porte-fenêtre, double battant',	37,	'2022-01-27 15:17:48'),
(24,	'Combien de fenêtres souhaitez-vous installer ?',	'30',	37,	'2022-01-27 15:17:48'),
(25,	'Quel type de matériau souhaitez-vous pour vos fenêtres ?',	'PVC, bois, ALU',	38,	'2022-01-27 15:17:48'),
(26,	'Quel type de fenêtre souhaitez-vous ? ',	'Porte-fenêtre, double battant',	38,	'2022-01-27 15:17:48'),
(27,	'Combien de fenêtres souhaitez-vous installer ?',	'30',	38,	'2022-01-27 15:17:48'),
(28,	'Quel type de matériau souhaitez-vous pour vos fenêtres ?',	'PVC, bois, ALU',	43,	'2022-01-27 15:17:48'),
(29,	'Quel type de fenêtre souhaitez-vous ? ',	'Porte-fenêtre, double battant',	43,	'2022-01-27 15:17:48'),
(30,	'Combien de fenêtres souhaitez-vous installer ?',	'30',	43,	'2022-01-27 15:17:48'),
(31,	'Quel type de matériau souhaitez-vous pour vos fenêtres ?',	'PVC, bois, ALU',	44,	'2022-01-27 15:17:48'),
(32,	'Quel type de fenêtre souhaitez-vous ? ',	'Porte-fenêtre, double battant',	44,	'2022-01-27 15:17:48'),
(33,	'Combien de fenêtres souhaitez-vous installer ?',	'30',	44,	'2022-01-27 15:17:48'),
(34,	'Quel type de matériau souhaitez-vous pour vos fenêtres ?',	'PVC, bois, ALU',	48,	'2022-01-27 15:17:48'),
(35,	'Quel type de fenêtre souhaitez-vous ? ',	'Porte-fenêtre, double battant',	48,	'2022-01-27 15:17:48'),
(36,	'Combien de fenêtres souhaitez-vous installer ?',	'30',	48,	'2022-01-27 15:17:48'),
(44,	'Quel est le type de travaux que vous désirez réaliser?',	'Réparation',	61,	'2022-01-28 01:25:52'),
(45,	'Quel type de fenêtre souhaitez-vous ? ',	'Autres Fenêtre oscillo-battante, Fenêtre coulissante',	61,	'2022-01-28 01:25:52'),
(46,	'Quel type de matériau souhaitez-vous pour vos fenêtres ?',	'Acier PVC, A définir',	61,	'2022-01-28 01:25:52'),
(47,	'Quand voulez vous débuter les travaux?',	'Dans moins de 2 mois',	61,	'2022-01-28 01:25:52'),
(48,	'Quel est votre objectif en demandant un devis',	'Trouver une entreprise disponible',	61,	'2022-01-28 01:25:52'),
(49,	'Quel est le type de travaux que vous désirez réaliser?',	'Rénovation/Réparation',	62,	'2022-01-28 10:52:53'),
(50,	'Code Postal (lieu des travaux)',	'94400',	62,	'2022-01-28 10:52:53'),
(51,	'Commune (lieu des travaux)',	'PAris',	62,	'2022-01-28 10:52:53'),
(52,	'Quand voulez vous débuter les travaux?',	'Au plus vite',	62,	'2022-01-28 10:52:53'),
(53,	'Quel est votre objectif en demandant un devis',	'Trouver une entreprise disponible',	62,	'2022-01-28 10:52:53'),
(54,	'Quel type de matériau souhaitez-vous pour vos fenêtres ?',	'Aluminium, Bois, PVC, Acier',	62,	'2022-01-28 10:52:53'),
(55,	'Quel type de fenêtre souhaitez-vous ? ',	'Fenêtre classique à un battant, Fenêtre coulissante, Porte-fenêtre',	62,	'2022-01-28 10:52:53'),
(56,	'Combien de fenêtres souhaitez-vous installer ?',	'10 ou plus',	62,	'2022-01-28 10:52:53'),
(57,	'Combien de fenêtres souhaitez-vous installer ?',	'4',	63,	'2022-01-28 11:11:12'),
(58,	'Quel type de fenêtre souhaitez-vous ? ',	'Fenêtre de toit (Velux)',	63,	'2022-01-28 11:11:12'),
(59,	'Quel type de matériau souhaitez-vous pour vos fenêtres ?',	'Bois',	63,	'2022-01-28 11:11:12'),
(60,	'Quel est votre objectif en demandant un devis',	'Obtenir des devis et trouver une entreprise disponible',	63,	'2022-01-28 11:11:12'),
(61,	'Informations qur les travaux à réaliser',	'salut ',	63,	'2022-01-28 11:11:12'),
(62,	'Code Postal (lieu des travaux)',	'87347354',	63,	'2022-01-28 11:11:12'),
(63,	'Commune (lieu des travaux)',	'5634532',	63,	'2022-01-28 11:11:12'),
(64,	'Quel est le type de travaux que vous désirez réaliser?',	'Neuf et rénovation',	63,	'2022-01-28 11:11:12'),
(65,	'Combien de fenêtres souhaitez-vous installer ?',	'4',	64,	'2022-01-28 11:11:13'),
(66,	'Quel type de fenêtre souhaitez-vous ? ',	'Fenêtre de toit (Velux)',	64,	'2022-01-28 11:11:13'),
(67,	'Quel type de matériau souhaitez-vous pour vos fenêtres ?',	'Bois',	64,	'2022-01-28 11:11:13'),
(68,	'Quel est votre objectif en demandant un devis',	'Obtenir des devis et trouver une entreprise disponible',	64,	'2022-01-28 11:11:13'),
(69,	'Informations qur les travaux à réaliser',	'salut ',	64,	'2022-01-28 11:11:13'),
(70,	'Code Postal (lieu des travaux)',	'87347354',	64,	'2022-01-28 11:11:13'),
(71,	'Commune (lieu des travaux)',	'5634532',	64,	'2022-01-28 11:11:13'),
(72,	'Quel est le type de travaux que vous désirez réaliser?',	'Neuf et rénovation',	64,	'2022-01-28 11:11:13'),
(73,	'Quel est le type de travaux que vous désirez réaliser?',	'Neuf et rénovation',	65,	'2022-01-28 11:13:04'),
(74,	'Code Postal (lieu des travaux)',	'(-\'-',	65,	'2022-01-28 11:13:04'),
(75,	'Commune (lieu des travaux)',	'\'(-(-',	65,	'2022-01-28 11:13:04'),
(76,	'Quand voulez vous débuter les travaux?',	'Dans moins de 6 mois',	65,	'2022-01-28 11:13:04'),
(77,	'Informations qur les travaux à réaliser',	'salut jen ai une grosse',	65,	'2022-01-28 11:13:04'),
(78,	'Quel est votre objectif en demandant un devis',	'Trouver une entreprise disponible',	65,	'2022-01-28 11:13:04'),
(79,	'Code Postal (lieu des travaux)',	'dfdsdsfvf',	69,	'2022-01-28 13:42:24'),
(80,	'Commune (lieu des travaux)',	'sdvsdff',	69,	'2022-01-28 13:42:24'),
(81,	'Quand voulez vous débuter les travaux?',	'Au plus vite',	69,	'2022-01-28 13:42:24'),
(82,	'Informations qur les travaux à réaliser',	'ddffsece',	69,	'2022-01-28 13:42:24'),
(83,	'Quel est votre objectif en demandant un devis',	'Trouver une entreprise disponible',	69,	'2022-01-28 13:42:24'),
(84,	'Quel type de matériau souhaitez-vous pour vos fenêtres ?',	', Bois, Acier',	69,	'2022-01-28 13:42:24'),
(85,	'Quel type de fenêtre souhaitez-vous ? ',	'Fenêtre classique à un battant',	69,	'2022-01-28 13:42:24'),
(86,	'Combien de fenêtres souhaitez-vous installer ?',	'7',	69,	'2022-01-28 13:42:24'),
(87,	'Quel est le connard',	'qui me pousse à bosser à cette heure?',	70,	'2022-01-30 13:56:37'),
(88,	'Quel est le connard',	'qui me pousse à bosser à cette heure?',	71,	'2022-01-30 14:12:57'),
(89,	'Quel est le type de travaux que vous désirez réaliser?',	'Rénovation/Réparation',	72,	'2022-01-30 15:17:46'),
(90,	'Code Postal (lieu des travaux)',	'94400',	72,	'2022-01-30 15:17:46'),
(91,	'Commune (lieu des travaux)',	'PAris',	72,	'2022-01-30 15:17:46'),
(92,	'Quand voulez vous débuter les travaux?',	'Pas de date définie',	72,	'2022-01-30 15:17:46'),
(93,	'Informations qur les travaux à réaliser',	'sqsqs',	72,	'2022-01-30 15:17:46'),
(94,	'Quel est votre objectif en demandant un devis',	'Trouver une entreprise disponible',	72,	'2022-01-30 15:17:46'),
(95,	'Quel type de matériau souhaitez-vous pour vos fenêtres ?',	'Aluminium',	72,	'2022-01-30 15:17:46'),
(96,	'Quel type de fenêtre souhaitez-vous ? ',	'Autres, Fenêtre coulissante',	72,	'2022-01-30 15:17:46'),
(97,	'Combien de fenêtres souhaitez-vous installer ?',	'1',	72,	'2022-01-30 15:17:46'),
(98,	'Quel est le type de travaux que vous désirez réaliser?',	'Rénovation/Réparation',	74,	'2022-01-31 09:48:35'),
(99,	'Code Postal (lieu des travaux)',	'75017',	74,	'2022-01-31 09:48:35'),
(100,	'Commune (lieu des travaux)',	'Paris',	74,	'2022-01-31 09:48:35'),
(101,	'Quand voulez vous débuter les travaux?',	'Dans moins d\'1 mois',	74,	'2022-01-31 09:48:35'),
(102,	'Quel est votre objectif en demandant un devis',	'Trouver une entreprise disponible',	74,	'2022-01-31 09:48:35'),
(103,	'Informations qur les travaux à réaliser',	'rénovation de salle de bain',	74,	'2022-01-31 09:48:35'),
(104,	'Quel type de matériau souhaitez-vous pour vos fenêtres ?',	'PVC',	74,	'2022-01-31 09:48:35'),
(105,	'Quel type de fenêtre souhaitez-vous ? ',	'Fenêtre coulissante',	74,	'2022-01-31 09:48:35'),
(106,	'Combien de fenêtres souhaitez-vous installer ?',	'2',	74,	'2022-01-31 09:48:35'),
(107,	'Quel est le type de travaux que vous désirez réaliser?',	'Réparation',	75,	'2022-01-31 10:53:56'),
(108,	'Code Postal (lieu des travaux)',	'75017',	75,	'2022-01-31 10:53:56'),
(109,	'Commune (lieu des travaux)',	'Paris',	75,	'2022-01-31 10:53:56'),
(110,	'Quand voulez vous débuter les travaux?',	'Au plus vite',	75,	'2022-01-31 10:53:56'),
(111,	'Quel est votre objectif en demandant un devis',	'Trouver une entreprise disponible',	75,	'2022-01-31 10:53:56'),
(112,	'Informations qur les travaux à réaliser',	'Réparation vitre cassée fenêtre de salle de bain',	75,	'2022-01-31 10:53:56'),
(113,	'Quel type de matériau souhaitez-vous pour vos fenêtres ?',	'Bois',	75,	'2022-01-31 10:53:56'),
(114,	'Quel type de fenêtre souhaitez-vous ? ',	'Fenêtre classique à deux battants',	75,	'2022-01-31 10:53:56'),
(115,	'Combien de fenêtres souhaitez-vous installer ?',	'1',	75,	'2022-01-31 10:53:56'),
(116,	'Type de bâtiment',	'Appartement',	76,	'2022-02-01 14:12:27'),
(117,	'Quel est le type de travaux que vous désirez réaliser?',	'Rénovation/Réparation',	76,	'2022-02-01 14:12:27'),
(118,	'Code Postal (lieu des travaux)',	'94300',	76,	'2022-02-01 14:12:27'),
(119,	'Commune (lieu des travaux)',	'vincennes',	76,	'2022-02-01 14:12:27'),
(120,	'Quand voulez vous débuter les travaux?',	'Au plus vite',	76,	'2022-02-01 14:12:27'),
(121,	'Quel est votre objectif en demandant un devis',	'Avoir une idée des prix',	76,	'2022-02-01 14:12:27'),
(122,	'Approximativement, quelle est l\'étendue de vos travaux de décoration ?',	'Une petite zone (plus petite qu\'un mur ou un plafond)',	76,	'2022-02-01 14:12:27'),
(123,	'Etat général des surfaces',	'Etat moyen',	76,	'2022-02-01 14:12:27'),
(124,	'Combien des pièces voulez-vous peindre?',	'2',	76,	'2022-02-01 14:12:27'),
(125,	'Type de bâtiment',	'Appartement',	77,	'2022-02-01 15:42:49'),
(126,	'Quel est le type de travaux que vous désirez réaliser?',	'Rénovation/Réparation',	77,	'2022-02-01 15:42:49'),
(127,	'Code Postal (lieu des travaux)',	'94300',	77,	'2022-02-01 15:42:49'),
(128,	'Commune (lieu des travaux)',	'vincennes',	77,	'2022-02-01 15:42:49'),
(129,	'Quand voulez vous débuter les travaux?',	'Au plus vite',	77,	'2022-02-01 15:42:49'),
(130,	'Quel est votre objectif en demandant un devis',	'Avoir une idée des prix',	77,	'2022-02-01 15:42:49'),
(131,	'Quelle est la surface de la façade en m² ? (facultatif)',	'12',	78,	'2022-02-02 09:53:49'),
(132,	'Quel est le type de travaux que vous désirez réaliser?',	'Rénovation/Réparation',	79,	'2022-02-04 14:26:14'),
(133,	'Code Postal (lieu des travaux)',	'94400',	79,	'2022-02-04 14:26:14'),
(134,	'Commune (lieu des travaux)',	'paris',	79,	'2022-02-04 14:26:14'),
(135,	'Quand voulez vous débuter les travaux?',	'Dans moins de 2 mois',	79,	'2022-02-04 14:26:14'),
(136,	'Informations sur les travaux à réaliser',	'etc',	79,	'2022-02-04 14:26:14'),
(137,	'Quel est votre objectif en demandant un devis',	'Trouver une entreprise disponible',	79,	'2022-02-04 14:26:14'),
(138,	'Quelle est la nature de vos travaux ?',	'Remplacement',	79,	'2022-02-04 14:26:14'),
(139,	'Pour quel type de bâtiment ?',	'Local industriel',	79,	'2022-02-04 14:26:14'),
(140,	'De quel type de chauffage disposez-vous actuellement ? ',	'Géothermique',	79,	'2022-02-04 14:26:14'),
(141,	'Quel est le type de travaux que vous désirez réaliser?',	'Rénovation/Réparation',	80,	'2022-02-04 14:36:35'),
(142,	'Code Postal (lieu des travaux)',	'75020',	80,	'2022-02-04 14:36:35'),
(143,	'Commune (lieu des travaux)',	'paris',	80,	'2022-02-04 14:36:35'),
(144,	'Quand voulez vous débuter les travaux?',	'Dans moins de 6 mois',	80,	'2022-02-04 14:36:35'),
(145,	'Informations sur les travaux à réaliser',	'à la wild code school',	80,	'2022-02-04 14:36:35'),
(146,	'Quel est votre objectif en demandant un devis',	'Trouver une entreprise disponible',	80,	'2022-02-04 14:36:35'),
(147,	'Quelle est la nature de vos travaux ?',	'Installation neuve',	80,	'2022-02-04 14:36:35'),
(148,	'Pour quel type de bâtiment ?',	'Bureau',	80,	'2022-02-04 14:36:35'),
(149,	'De quel type de chauffage disposez-vous actuellement ? ',	'Bois',	80,	'2022-02-04 14:36:35'),
(150,	'Quel est le type de travaux que vous désirez réaliser?',	'Réparation',	81,	'2022-02-09 14:33:18'),
(151,	'Code Postal (lieu des travaux)',	'75017',	81,	'2022-02-09 14:33:18'),
(152,	'Commune (lieu des travaux)',	'Paris',	81,	'2022-02-09 14:33:18'),
(153,	'Quand voulez vous débuter les travaux?',	'Au plus vite',	81,	'2022-02-09 14:33:18'),
(154,	'Quel est votre objectif en demandant un devis',	'Trouver une entreprise disponible',	81,	'2022-02-09 14:33:18'),
(155,	'Informations sur les travaux à réaliser',	'Réparation fissures facade',	81,	'2022-02-09 14:33:18'),
(156,	'Type de bâtiment',	'Appartement',	81,	'2022-02-09 14:33:18'),
(157,	'Quelle partie de la façade doit être restaurée ?',	'Quelques parties de la façade',	81,	'2022-02-09 14:33:18'),
(158,	'Quels sont les travaux à réaliser pour rénover votre façade ?',	'Appliquer un enduit',	81,	'2022-02-09 14:33:18'),
(159,	'Quelle est la surface de la façade en m² ? (facultatif)',	'30',	81,	'2022-02-09 14:33:18'),
(160,	'Combien y a-t-il d\'étages dans votre bâtiment ? (facultatif)',	'3 ou plus',	81,	'2022-02-09 14:33:18'),
(161,	'Quel est le matériau de votre façade actuelle ?',	'Parpaing',	81,	'2022-02-09 14:33:18'),
(162,	'Quel est le type de travaux que vous désirez réaliser?',	'Neuf',	82,	'2022-02-10 16:54:29'),
(163,	'Code Postal (lieu des travaux)',	'75020',	82,	'2022-02-10 16:54:29'),
(164,	'Commune (lieu des travaux)',	'paris',	82,	'2022-02-10 16:54:29'),
(165,	'Quand voulez vous débuter les travaux?',	'Dans moins de 2 mois',	82,	'2022-02-10 16:54:29'),
(166,	'Informations sur les travaux à réaliser',	'etc',	82,	'2022-02-10 16:54:29'),
(167,	'Quel est votre objectif en demandant un devis',	'Trouver une entreprise disponible',	82,	'2022-02-10 16:54:29'),
(168,	'Quel type de matériau souhaitez-vous pour vos fenêtres ?',	'Aluminium',	82,	'2022-02-10 16:54:29'),
(169,	'Quel type de fenêtre souhaitez-vous ? ',	'Fenêtre de toit (Velux)',	82,	'2022-02-10 16:54:29'),
(170,	'Combien de fenêtres souhaitez-vous installer ?',	'2',	82,	'2022-02-10 16:54:29'),
(171,	'Quel est le type de travaux que vous désirez réaliser?',	'Neuf',	83,	'2022-02-10 16:56:39'),
(172,	'Code Postal (lieu des travaux)',	'75020',	83,	'2022-02-10 16:56:39'),
(173,	'Commune (lieu des travaux)',	'paris',	83,	'2022-02-10 16:56:39'),
(174,	'Quand voulez vous débuter les travaux?',	'Dans moins de 2 mois',	83,	'2022-02-10 16:56:39'),
(175,	'Informations sur les travaux à réaliser',	'etc',	83,	'2022-02-10 16:56:39'),
(176,	'Quel est votre objectif en demandant un devis',	'Trouver une entreprise disponible',	83,	'2022-02-10 16:56:39'),
(177,	'Quel type de matériau souhaitez-vous pour vos fenêtres ?',	'Aluminium',	83,	'2022-02-10 16:56:39'),
(178,	'Quel type de fenêtre souhaitez-vous ? ',	'Fenêtre de toit (Velux)',	83,	'2022-02-10 16:56:39'),
(179,	'Combien de fenêtres souhaitez-vous installer ?',	'2',	83,	'2022-02-10 16:56:39'),
(180,	'Quel est le type de travaux que vous désirez réaliser?',	'Neuf et rénovation',	84,	'2022-02-10 18:26:20'),
(181,	'Code Postal (lieu des travaux)',	'67025',	84,	'2022-02-10 18:26:20'),
(182,	'Commune (lieu des travaux)',	'Strasbourg',	84,	'2022-02-10 18:26:20'),
(183,	'Quand voulez vous débuter les travaux?',	'Au plus vite',	84,	'2022-02-10 18:26:20'),
(184,	'Informations sur les travaux à réaliser',	'J\'ai froid',	84,	'2022-02-10 18:26:20'),
(185,	'Quel est votre objectif en demandant un devis',	'Trouver une entreprise disponible',	84,	'2022-02-10 18:26:20'),
(186,	'Quel type de matériau souhaitez-vous pour vos fenêtres ?',	'Bois, PVC',	84,	'2022-02-10 18:26:20'),
(187,	'Quel type de fenêtre souhaitez-vous ? ',	'Fenêtre oscillo-battante, Fenêtre classique à deux battants, Fenêtre de toit (Velux)',	84,	'2022-02-10 18:26:20'),
(188,	'Combien de fenêtres souhaitez-vous installer ?',	'10 ou plus',	84,	'2022-02-10 18:26:20')
ON DUPLICATE KEY UPDATE `id` = VALUES(`id`), `questions` = VALUES(`questions`), `answers` = VALUES(`answers`), `devis_id` = VALUES(`devis_id`), `created_at` = VALUES(`created_at`);

DROP TABLE IF EXISTS `top_ten`;
CREATE TABLE `top_ten` (
  `id` int(11) NOT NULL AUTO_INCREMENT,
  `position` int(11) NOT NULL,
  `visible` int(11) NOT NULL,
  `category_id` int(11) DEFAULT NULL,
  PRIMARY KEY (`id`),
  KEY `top_ten_category_id_idx` (`category_id`),
  CONSTRAINT `top_ten_category_id` FOREIGN KEY (`category_id`) REFERENCES `categories_devis_provider` (`id`)
) ENGINE=InnoDB DEFAULT CHARSET=utf8mb4;

INSERT INTO `top_ten` (`id`, `position`, `visible`, `category_id`) VALUES
(1,	1,	1,	2),
(2,	2,	1,	4),
(3,	2,	1,	4),
(4,	4,	1,	3),
(5,	5,	1,	11),
(6,	8,	1,	5),
(7,	9,	1,	6),
(8,	3,	1,	19),
(9,	7,	1,	14),
(10,	6,	1,	12)
ON DUPLICATE KEY UPDATE `id` = VALUES(`id`), `position` = VALUES(`position`), `visible` = VALUES(`visible`), `category_id` = VALUES(`category_id`);

DROP TABLE IF EXISTS `user`;
CREATE TABLE `user` (
  `id` int(11) NOT NULL AUTO_INCREMENT,
  `isAdmin` int(11) NOT NULL DEFAULT '0',
  `created_at` datetime DEFAULT CURRENT_TIMESTAMP,
  `firstname` varchar(45) NOT NULL,
  `lastname` varchar(45) NOT NULL,
  `email` varchar(60) NOT NULL,
  `phone` varchar(15) DEFAULT NULL,
  `address` varchar(100) DEFAULT NULL,
  `postalcode` int(11) NOT NULL,
  `city` varchar(100) NOT NULL,
  `password` varchar(1000) NOT NULL,
  `status` tinyint(4) NOT NULL DEFAULT '0',
  PRIMARY KEY (`id`),
  UNIQUE KEY `mail` (`email`)
) ENGINE=InnoDB DEFAULT CHARSET=utf8mb4;

INSERT INTO `user` (`id`, `isAdmin`, `created_at`, `firstname`, `lastname`, `email`, `phone`, `address`, `postalcode`, `city`, `password`, `status`) VALUES
(79,	0,	'2022-01-25 21:56:28',	'Arni',	'bgn',	'arnibgn@email.com',	NULL,	NULL,	75017,	'Paris',	'$argon2i$v=19$m=4096,t=3,p=1$MZOgnmPuGUyuNqaBkW6UHg$1Va3xmrLzrO1st68G7Od9wKCGZeg0HBShFYa2LixV+A',	0),
(80,	0,	'2022-01-25 21:56:28',	'Pamela',	'Perone',	'pamelaboulette10@test.com',	NULL,	NULL,	94300,	'paris',	'$argon2i$v=19$m=4096,t=3,p=1$b02T+RpLygvNwSQexEpqhA$ypLVviWrXyqHRfZunVAhtuwBsfy3QEE8DHaEHsED5nI',	0),
(81,	0,	'2022-01-28 13:26:44',	'Arno',	'bgn',	'arnobgn@email.com',	NULL,	NULL,	75017,	'Paris',	'$argon2i$v=19$m=4096,t=3,p=1$E3YCoUAIiUC2+U0TV9xQeg$kfsYT10mcnjSp51Z5bhO8Lz9vvrfI7oBlps8f21erxI',	0),
(82,	0,	'2022-01-28 13:30:26',	'Arno',	'bgn',	'arnobgnbis@email.com',	NULL,	NULL,	75017,	'Paris',	'$argon2i$v=19$m=4096,t=3,p=1$flqoRIArtAxDqCU7hKFsAA$+/EXbg4QZoFCFMOVf+opbmV0Lt3QgKh5y9Dfm31yYyw',	0),
(83,	0,	'2022-01-29 23:51:53',	'Mélanie',	'Dupontel',	'melaniet@test.fr',	NULL,	NULL,	94000,	'test',	'$argon2i$v=19$m=4096,t=3,p=1$brWBthAIZH4seJI5rGw4gA$WOB3ZkNGmq+dYVzktiUVunzT0aCrx+Z6aD1fc+8Y71w',	0),
(84,	0,	'2022-01-29 23:56:21',	'prenomtest',	'nomtest',	'test.test@test2.fr',	NULL,	NULL,	94000,	'test',	'$argon2i$v=19$m=4096,t=3,p=1$hPYjAt/Gr8/UjmYATtYpjw$wSepnypQ6lrlG2z3Np5NuZKTN6Yf7LXgbrF2YgoTS4c',	0),
(85,	0,	'2022-01-30 00:01:33',	'Emilie',	'Test',	'Emilie@test3.fr',	NULL,	NULL,	94000,	'test',	'$argon2i$v=19$m=4096,t=3,p=1$9u/7Q/MeUw6TNIQP+n5WpA$leQG1DOeouEP2EseVmpje9tLBSshAklWg5b+hiD84qA',	0),
(86,	0,	'2022-01-30 12:20:55',	'testcinq',	'testcinq',	'test.test@test5.fr',	NULL,	NULL,	94563,	'paris',	'$argon2i$v=19$m=4096,t=3,p=1$VfNOWxXJ/1UcCmkDu3iP2g$DT99qHctYQ4tRdzGFLQYnIpKRj0i8+vwagTEQ2eVdAg',	0),
(87,	0,	'2022-01-30 13:37:25',	'Isabelle',	'Balkany',	'isabelle@test.fr',	NULL,	NULL,	95463,	'sdDSQDqsdqsd',	'$argon2i$v=19$m=4096,t=3,p=1$8MIFIkYnVXW8e6y/GdyMsQ$DCTm/hzNvoywIQ0HinU4Izh8pdhraua2vqAGB6SQG8Y',	0),
(89,	1,	'2022-01-31 15:29:35',	'admin',	'admin',	'admin@devis67.fr',	NULL,	NULL,	10000,	'Strasbourg',	'$argon2i$v=19$m=4096,t=3,p=1$QqTz6xzmR4XQrYViWOLpzA$JT0XN4iXYIiBdBFfknJ14eBMxpikkZaXQQ+mfLx99Hc',	0),
(90,	0,	'2022-02-01 14:10:46',	'sarah',	'accolas',	'dadasarah@hotmail.fr',	'0621117354',	'175 Rue de Fontenay',	94300,	'Vincennes',	'$argon2i$v=19$m=4096,t=3,p=1$aKwzy+TltJclOYI5UGdT+g$hwKoL4EKwnSuTkAbXRr420A/8ua5v6rjCTj30cM4pmU',	0),
(92,	0,	'2022-02-10 09:56:53',	'etienne',	'freza',	'frerzer@dsf.fr',	NULL,	NULL,	75201,	'paris',	'$argon2i$v=19$m=4096,t=3,p=1$GdbzN5TLabBdSCvqjHMNOg$TsXyXwy6bEqfxR5XRetw87lVqGwBdSpXKRdBr44P8RM',	0),
(93,	0,	'2022-02-10 10:42:30',	'Etienne',	'Fromentin',	'from@fro.fr',	NULL,	NULL,	75020,	'Paris',	'$argon2i$v=19$m=4096,t=3,p=1$ulD+CgLvqcDKVLrE+tEK+w$AMOOwZmnCQ5e8WhNG2JmMk4546VmvMiiFQYHEqa31sM',	0),
(94,	0,	'2022-02-10 15:22:16',	'Etienne',	'Fro',	'feert@fdf.fr',	NULL,	NULL,	75020,	'Paris',	'$argon2i$v=19$m=4096,t=3,p=1$hGqmC4SQ3EtoC0OQTSH7RA$JCEyXhGJVadN1KDwc9ojcHQRFATINVJRs4q1xE2kE9I',	0),
(95,	0,	'2022-02-10 18:25:03',	'Thomas',	'Paoli',	'thomas@paoli.fr',	NULL,	NULL,	67025,	'Strasbourg',	'$argon2i$v=19$m=4096,t=3,p=1$Hyik51jyg9NlRYIEqueq3A$2z4w7c8Gd9lmsO2Au3KofTXFdnApLVBGgcXODMnB/T4',	0)
ON DUPLICATE KEY UPDATE `id` = VALUES(`id`), `isAdmin` = VALUES(`isAdmin`), `created_at` = VALUES(`created_at`), `firstname` = VALUES(`firstname`), `lastname` = VALUES(`lastname`), `email` = VALUES(`email`), `phone` = VALUES(`phone`), `address` = VALUES(`address`), `postalcode` = VALUES(`postalcode`), `city` = VALUES(`city`), `password` = VALUES(`password`), `status` = VALUES(`status`);

-- 2022-02-11 11:19:07
